Part Number,Manufacturer,Description
1095,MAPCO,Urn
1097,MAPCO,Urn
1158,MAPCO,Urn
1177,Collins Aerospace,Oven
1361,Collins Aerospace,Oven
1398,Collins Aerospace,Oven
1543,Safran ,Oven
9756,Adams Rite,Faucet
9810,Adams Rite,Faucet
9819,Adams Rite,Faucet
9824,Adams Rite,Faucet
50047,Collins Aerospace ,Oven
50286,Collins Aerospace ,Oven
50304,Collins Aerospace ,Water Heater
61073,Safran ,Oven
61120,Safran ,Oven
62216,Safran ,Water Boiler
64752,Safran ,Coffee Maker
64753,Safran ,Coffee Maker
64754,Safran ,Coffee Maker
64761,Safran ,Coffee Maker
64763,Safran ,Coffee Maker
67063,Safran ,Oven
67241,Safran ,Oven
67254,Safran ,Oven
611515,Collins Aerospace ,Oven Control Module
611993,Collins Aerospace ,Oven Control Module
611994,Collins Aerospace ,Oven Control Module
72011210,Collins Aerospace ,Coffee Maker
72011240,Collins Aerospace ,Coffee Maker
72012400,Collins Aerospace ,Coffee Maker
72012410,Collins Aerospace ,Coffee Maker
72012420,Collins Aerospace ,Coffee Maker
72015727,Collins Aerospace ,Coffee Maker
72015728,Collins Aerospace ,Coffee Maker
72063000,Collins Aerospace ,Oven
72063100,Collins Aerospace ,Oven
72064050,Collins Aerospace ,Oven
72064051,Collins Aerospace ,Oven
72064060,Collins Aerospace ,Oven
72064061,Collins Aerospace ,Oven
72064063,Collins Aerospace ,Oven
72067000,Collins Aerospace ,Oven
72067001,Collins Aerospace ,Oven
72067002,Collins Aerospace ,Oven
72067003,Collins Aerospace ,Oven
72067004,Collins Aerospace ,Oven
72067005,Collins Aerospace ,Oven
72067006,Collins Aerospace ,Oven
72067100,Collins Aerospace ,Oven
72067101,Collins Aerospace ,Oven
72067102,Collins Aerospace ,Oven
72067750,Collins Aerospace ,Oven
72067752,Collins Aerospace ,Oven
72067850,Collins Aerospace ,Oven
72071006,Collins Aerospace ,Oven
72073000,Collins Aerospace ,Oven
72073100,Collins Aerospace ,Oven
72073750,Collins Aerospace ,Oven
72073850,Collins Aerospace ,Oven
72180131,Collins Aerospace ,Water Boiler
72180132,Collins Aerospace ,Water Boiler
72180133,Collins Aerospace ,Water Boiler
72180134,Collins Aerospace ,Water Boiler
72180135,Collins Aerospace ,Water Boiler
72180137,Collins Aerospace ,Water Boiler
72180138,Collins Aerospace ,Water Boiler
72184100,Collins Aerospace ,Water Boiler
72184101,Collins Aerospace ,Water Boiler
72184105,Collins Aerospace ,Water Boiler
72184106,Collins Aerospace ,Water Boiler
72184108,Collins Aerospace ,Water Boiler
72184109,Collins Aerospace ,Water Boiler
72184110,Collins Aerospace ,Water Boiler
72184113,Collins Aerospace ,Water Boiler
72184115,Collins Aerospace ,Water Boiler
72184117,Collins Aerospace ,Water Boiler
5980402100100,Adams Rite,LWSA IR Faucet
5980402101100,Adams Rite,LWSA IR Faucet
5980402101110,Adams Rite,Faucet Assy
5980552100100,Adams Rite,LWSA IR Faucet
0004.1.000/1,Collins Aerospace ,Oven
0004.4.000,Collins Aerospace ,Oven
0008.1.000/8,Collins Aerospace ,Water Boiler
0008.1.000/9,Collins Aerospace ,Water Boiler
0008.1.000/9A,Collins Aerospace ,Water Boiler
001001,Collins Aerospace ,Coffee Container
0013-1-000,Collins Aerospace ,Water Boiler
0013-1-000-1      ,Collins Aerospace ,Water Boiler
0013-1-000-1B     ,Collins Aerospace ,Water Boiler
0104.1.000,Collins Aerospace ,Oven
0104.1.000/1,Collins Aerospace ,Oven
0104.4.000,Collins Aerospace ,Oven
0113-1-000-1,Collins Aerospace ,Water Boiler
0113-1-000-1B      ,Collins Aerospace ,Water Boiler
0213-1-000-B      ,Collins Aerospace ,Water Boiler
022-1-000-1      ,Collins Aerospace ,Water Boiler
022-1-000-1B      ,Collins Aerospace ,Water Boiler
0304.1.000,Collins Aerospace ,Oven
0304.1.000/1,Collins Aerospace ,Oven
0304.4.000,Collins Aerospace ,Oven
0404.1.000/1,Collins Aerospace ,Oven
0404.4.000,Collins Aerospace ,Oven
042-1-000-1      ,Collins Aerospace ,Water Boiler
062-1-000-1     ,Collins Aerospace ,Water Boiler
0704-1-000/1,Collins Aerospace ,Oven
072-1-000-1      ,Collins Aerospace ,Water Boiler
0804-1-000/1,Collins Aerospace ,Oven
0FX0000A02G03,JAMCO,Faucet
0FX00100A09G03,JAMCO,Faucet Assembly
0FX0100A11G03,JAMCO,Faucet Assembly
0FX0100A15G03,JAMCO,Faucet Assembly
0FX0100A17G03,JAMCO,Faucet Assembly
100-10-610-02,Adams Rite,Thermostat Assy
100-10-611-02,Adams Rite,Faucet
100-20-287,Adams Rite,Thermostat Assy
100-20-575,Adams Rite,Thermostat Assy
1004.1.000/1,Collins Aerospace ,Oven
1004.4.000,Collins Aerospace ,Oven
101009-7.2,Safran ,Water Boiler
101009-7.3,Safran ,Water Boiler
1010099.6,Safran ,Water Boiler
1010099-10,Safran ,Water Heater
1010099-10.1,Safran ,Water Heater
1010099-10.2,Safran ,Water Heater
1010099-10.3,Safran ,Water Heater
1010099-10.4,Safran ,Water Heater
1010099-12,Safran ,Water Boiler
1010099-12.1,Safran ,Water Boiler
1010099-12.2,Safran ,Water Boiler
1010099-12.3,Safran ,Water Heater
1010099-13,Safran ,Water Boiler
1010099-16,Safran ,Water Boiler
1010099-16.1,Safran ,Water Boiler
1010099-17,Safran ,Water Heater
1010099-18,Safran ,Water Boiler
1010099-6.1,Safran ,Water Boiler
1010099-6.2,Safran ,Water Boiler
1010099-6.3,Safran ,Water Boiler
1010099-7,Safran ,Water Boiler
1010099-8,Safran ,Water Heater
1010099-8.1,Safran ,Water Heater
1010099-9,Safran ,Water Boiler
1095-200,MAPCO,Urn
1095-200A,MAPCO,Urn
1095-200B,MAPCO,Urn
1095-30A,MAPCO,Urn
1095A (was 1095B),MAPCO,Urn
1095A(BR),MAPCO,Urn
1095A-40A,MAPCO,Urn
1095BC,MAPCO,Urn
1095C,MAPCO,Urn
1095D,MAPCO,Urn
1095E,MAPCO,Urn
1095F,MAPCO,Urn
1095IW,MAPCO,Urn
1097A,MAPCO,Urn
1097B,MAPCO,Urn
1097C,MAPCO,Urn
1104.1.000,Collins Aerospace ,Oven
1104.1.000/1,Collins Aerospace ,Oven
1104.4.000,Collins Aerospace ,Oven
11050-11,Collins Aerospace ,Coffee Maker
11160-1,Collins Aerospace ,Rail Assembly
11160-5,Collins Aerospace ,Rail Assembly
11225-1,Collins Aerospace ,Coffee Maker
11225-3,Collins Aerospace ,Coffee Maker
11225-31,Collins Aerospace ,Coffee Maker
11276-1,Collins Aerospace ,Coffee Maker
11276-3,Collins Aerospace ,Coffee Maker
1158A,MAPCO,Urn
1158B,MAPCO,Urn
1201-01-00,Collins Aerospace ,Coffee Maker
1205CLH,MAPCO,Oven
1205CRH,MAPCO,Oven
1205LH,MAPCO,Oven
1205RH,MAPCO,Oven
1221-1-000-1   ,Collins Aerospace ,Coffee Maker
1250,MAPCO,Liq Cont-Warming Oven
1250A,MAPCO,Liq Cont-Warming Oven
1259LH,MAPCO,Oven
1259RH,MAPCO,Oven
1304.1.000,Collins Aerospace ,Oven
1304.1.000/1,Collins Aerospace ,Oven
1304.4.000,Collins Aerospace ,Oven
1321-1-000-1   ,Collins Aerospace ,Coffee Maker
1400-01-00   ,Collins Aerospace ,Coffee Maker
1401-01-00   ,Collins Aerospace ,Coffee Maker
1403D,Safran ,Water Boiler
1404.1.000/1,Collins Aerospace ,Oven
1404.4.000,Collins Aerospace ,Oven
1421-1-000-1   ,Collins Aerospace ,Coffee Maker
1430E,Safran ,Oven
1432,Safran ,Oven
1432-13M-OH,Safran ,Oven
1432-I-OH,Safran ,Oven
1432-IR,Safran ,Oven
1432-J1-OH,Safran ,Oven
1432-J-OH,Safran ,Oven
1432-S-OH,Safran ,Oven
1440-A10-T1M,Safran ,Coffee Maker
1448,Safran ,Coffee Maker
1448-1,Safran ,Coffee Maker
1448-3,Safran ,Coffee Maker
1448-4,Safran ,Coffee Maker
1521-1-000-1   ,Collins Aerospace ,Coffee Maker
1536-F-1,Safran ,Oven
1536-F-1A,Safran ,Oven
1539,Safran ,Oven
1539 Mod N,Safran ,Oven
1539-13M-OH,Safran ,Oven
1539-14M-OH,Safran ,Oven
1539-15M-OH,Safran ,Oven
1539-16M-OH,Safran ,Oven
1539-17M-OH,Safran ,Oven
1539-A,Safran ,Oven
1539-A-OH,Safran ,Oven
1539-B-OH,Safran ,Oven
1539-IM,Safran ,Oven
1539-IM-OH,Safran ,Oven
1539-IM-OH-A,Safran ,Oven
1539-IM-OH-B,Safran ,Oven
1539-IM-OH-C,Safran ,Oven
1539-J2M-OH,Safran ,Oven
1539-N-OH,Safran ,Oven
1539-P-OH,Safran ,Oven
1545-10 LEFT,Safran ,Oven
1545-10 RIGHT,Safran ,Oven
1545-10-A,Safran ,Oven
1545-3,Safran ,Oven
1545-4,Safran ,Oven
1545-5,Safran ,Oven
1545-5-D LEFT,Safran ,Oven
1545-5-D RIGHT,Safran ,Oven
1545-6,Safran ,Oven
1545-6-D LEFT,Safran ,Oven
1545-6-D RIGHT,Safran ,Oven
1545-9 LEFT,Safran ,Oven
1545-9 RIGHT,Safran ,Oven
1545-9-A,Safran ,Oven
1591M,Collins Aerospace ,Oven
1592M,Collins Aerospace ,Oven
1602,Safran ,Coffee Maker
1602-AC,Safran ,Coffee Maker
1602-AC-A,Safran ,Coffee Maker
1602-DC,Safran ,Coffee Maker
1602-DC-A,Safran ,Coffee Maker
1704-1-000/1,Collins Aerospace ,Oven
1721-1-000-1   ,Collins Aerospace ,Coffee Maker
180-140,Collins Aerospace ,Liquid Container
180-140B,Collins Aerospace ,Liquid Container
180-146,Collins Aerospace ,Liquid Container
180-146ANA,Collins Aerospace ,Liquid Container
180-146B,Collins Aerospace ,Liquid Container
180-146BJAS,Collins Aerospace ,Liquid Container
180-146BJAS-OT,Collins Aerospace ,Liquid Container
180-146G,Collins Aerospace ,Liquid Container
180-146NS,Collins Aerospace ,Liquid Container
180-146-OT,Collins Aerospace ,Liquid Container
180-147,Collins Aerospace ,Liquid Container
180-147B,Collins Aerospace ,Liquid Container
1804-1-000/1,Collins Aerospace ,Oven
1821-1-000-1   ,Collins Aerospace ,Coffee Maker
1A081-0212-1,Yokohama,Faucet & Drain Assy
1A081-0212-11,Yokohama,Faucet & Drain Assy
1A082-0213-1,Yokohama,Faucet Assembly
1A082-0213-11,Yokohama,Faucet Assembly
2021-1-000-1   ,Collins Aerospace ,Coffee Maker
206-362,Collins Aerospace ,Oven 
206A,Collins Aerospace ,Oven
206A-LH-115,Collins Aerospace ,Oven
206A-LH-115-2P,Collins Aerospace ,Oven
206A-LH-28,Collins Aerospace ,Oven
206A-LH-28/115,Collins Aerospace ,Oven
206A-RH-115,Collins Aerospace ,Oven
206A-RH-28,Collins Aerospace ,Oven
206A-RH-28/115,Collins Aerospace ,Oven
206B-LH-28/115,Collins Aerospace ,Oven
206B-RH-28/115,Collins Aerospace ,Oven
2113-1-000-1   ,Collins Aerospace ,Water Boiler
24E507009G01,Goodrich,Toilet Water Heater
24E507009G02,Goodrich,Toilet Water Heater
24E507009G03,Goodrich,Toilet Water Heater
24E507040G01,Goodrich,Toilet Water Heater
24E507040G02,Goodrich,Toilet Water Heater
24E507040G03,Goodrich,Toilet Water Heater
24E507040G04,Goodrich,Toilet Water Heater
24E507040G05,Goodrich,Toilet Water Heater
24E507040G06,Goodrich,Toilet Water Heater
24E508198G01,Goodrich,Water Boiler
2510-0004-01,Collins Aerospace ,Oven
2510-0004-03,Collins Aerospace ,Oven
2510-0004-05,Collins Aerospace ,Oven
2510-0004-11,Collins Aerospace ,Oven
2510-0032-01,Collins Aerospace ,Oven
2510-0032-02,Collins Aerospace ,Oven
2510-0032-03,Collins Aerospace ,Oven
2510-0032-04,Collins Aerospace ,Oven
2510-0032-05,Collins Aerospace ,Oven
2510-0032-06,Collins Aerospace ,Oven
2510-0032-07,Collins Aerospace ,Oven
2510-0032-08,Collins Aerospace ,Oven
2510-0032-09,Collins Aerospace ,Oven
2510-0037-01,Collins Aerospace ,Oven
2510-0037-02,Collins Aerospace ,Oven
2510-0037-03,Collins Aerospace ,Oven
2510-0037-04,Collins Aerospace ,Oven
255-162,Collins Aerospace ,Oven
255A-LH-115,Collins Aerospace ,Oven
255A-LH-28,Collins Aerospace ,Oven
255A-LH-28/115,Collins Aerospace ,Oven
255A-LH-28-2P,Collins Aerospace ,Oven
255A-RH-115,Collins Aerospace ,Oven
255A-RH-28,Collins Aerospace ,Oven
255A-RH-28/115,Collins Aerospace ,Oven
255B-LH-115,Collins Aerospace ,Oven
255B-LH-28/115,Collins Aerospace ,Oven
255B-RH-115,Collins Aerospace ,Oven
255B-RH-28/115,Collins Aerospace ,Oven
255D-LH-115,Collins Aerospace ,Oven
255D-LH-28/115,Collins Aerospace ,Oven
255D-RH-115,Collins Aerospace ,Oven
255D-RH-28/115,Collins Aerospace ,Oven
262001-11,Collins Aerospace ,Rail Assembly
2704-1-000/1,Collins Aerospace ,Oven
2804-1-000/1,Collins Aerospace ,Oven
2863,Adams Rite,Latch Assy
2863-1051,Adams Rite,Latch Assy
2863-2,Adams Rite,Latch Assy
2863-5,Adams Rite,Latch Assy
2863B,Adams Rite,Latch Assy
2863B2,Adams Rite,Latch Assy
2863D562,Adams Rite,Latch Assy
2863D74,Adams Rite,Latch Assy
2895,Adams Rite,Latch Assy
2895-1053,Adams Rite,Latch Assy
2895-2,Adams Rite,Latch Assy
2895B,Adams Rite,Latch Assy
2895B2,Adams Rite,Latch Assy
29-4075-21-02,Adams Rite,Faucet Timer Assy
297-140,Collins Aerospace,Urn
297-146,Collins Aerospace,Urn
297-200,Collins Aerospace,Urn
2980032100000,Adams Rite,Faucet
2980032100100,Adams Rite,Faucet
2980042100000,Adams Rite,Faucet
2980042100100,Adams Rite,Faucet
2980052100000,Adams Rite,Faucet
2980052100100,Adams Rite,Faucet
2980092100000,Adams Rite,Faucet
2980102100000,Adams Rite,Faucet
2980132100000,Adams Rite,Faucet
2980132100100,Adams Rite,Faucet
2980142100000,Adams Rite,Faucet
2980142100100,Adams Rite,Faucet
2980152100000,Adams Rite,Faucet
2980152100100,Adams Rite,Faucet
2980192100000,Adams Rite,Faucet
2980192100000 AMENDT B,Adams Rite,Faucet
2980192100000 AMENDT C,Adams Rite,Faucet
298019210000003,Adams Rite,Faucet
298019210000004,Adams Rite,Faucet
2980192100100,Adams Rite,Faucet
2980202100000,Adams Rite,Faucet
2980212100000,Adams Rite,Faucet
2980292100000,Adams Rite,Faucet
2980292100100,Adams Rite,Faucet
2980302100000,Adams Rite,Faucet
2980302100100,Adams Rite,Faucet
2980312100000,Adams Rite,Faucet
2980322100000,Adams Rite,Faucet
2980332100000,Adams Rite,Faucet
2980332100100,Adams Rite,Faucet
2980342100000,Adams Rite,Faucet
2980342100100,Adams Rite,Faucet
2980352100100,Adams Rite,Lavatory Water Faucet
2980362100100,Adams Rite,Lavatory Water Faucet
2980372100000,Adams Rite,Faucet Assembly
2980372100000 AMDT C,Adams Rite,Faucet Assembly
2980372100100,Adams Rite,Faucet Assembly
2980372100100 AMDT A,Adams Rite,Faucet Assembly
2980382100100,Adams Rite,Lavatory Water Faucet
2980392100000,Adams Rite,Faucet Assembly
2980422100000,Adams Rite ,Faucet Assembly
2980432100000,Adams Rite ,Faucet Assembly
2980432100000 AMDT C,Adams Rite ,Faucet Assembly
2980432100100,Adams Rite ,Faucet Assembly
2980432100100 AMDT A,Adams Rite ,Faucet Assembly
2980462100000,Adams Rite ,Faucet Assembly
2980502100000,Aqua Butze Werke,Faucet Assembly
3013-1-000-1      ,Collins Aerospace ,Water Boiler
306-116,Collins Aerospace,Liquid Container
306-116B,Collins Aerospace,Liquid Container
306-140,Collins Aerospace,Liquid Container
306-140B,Collins Aerospace,Liquid Container
306-146,Collins Aerospace,Liquid Container
306-146B,Collins Aerospace,Liquid Container
306-146BLT,Collins Aerospace,Liquid Container
3213-1-000-1     ,Collins Aerospace ,Water Boiler
3510-0016-01,Collins Aerospace ,Coffee Maker
3510-0016-03,Collins Aerospace ,Coffee Maker
3510-0030-01,Collins Aerospace,Beverage Maker
3510-0032-01,Collins Aerospace,Coffee Maker
3510-0034-01,Collins Aerospace ,Coffee Maker
3510-0039-01,Collins Aerospace ,Coffee Maker
3510-0039-03,Collins Aerospace ,Coffee Maker
3510-0040-01,Collins Aerospace ,Water Boiler
3510-0040-03,Collins Aerospace ,Water Boiler
3510-0040-05,Collins Aerospace ,Water Boiler
3510-0041-03,Collins Aerospace ,Coffee Maker
3510-0044-01,Collins Aerospace ,Coffee Maker
3510-0044-03,Collins Aerospace ,Coffee Maker
3510-0044-05,Collins Aerospace ,Coffee Maker
3510-0044-07,Collins Aerospace ,Coffee Maker
3510-0044-09,Collins Aerospace ,Coffee Maker
3510-0044-11,Collins Aerospace ,Coffee Maker
3510-0044-13,Collins Aerospace ,Coffee Maker
3510-0050-01,Collins Aerospace ,Coffee Maker
3510-0050-03,Collins Aerospace ,Coffee Maker
3510-0052-01,Collins Aerospace ,Coffee Maker
3510-0053-01,Collins Aerospace ,Coffee Maker
3510-0056-03,Collins Aerospace ,Expresso Coffee Maker
3510-0056-05,Collins Aerospace ,Expresso Coffee Maker
3510-0058-01,Collins Aerospace ,Coffee Maker
3510-0066-01,Collins Aerospace ,Coffee Maker
3510-0070-01,Collins Aerospace ,Coffee Maker
3510-0072-01,Collins Aerospace ,Coffee Maker
3704-1-000/1,Collins Aerospace ,Oven
3804-1-000/1,Collins Aerospace ,Oven
3G906-9999-000,IPECO,Water Boiler
3G909-9999-000,IPECO,Rapid Water Boiler
3G909-9999-015,IPECO,Rapid Water Boiler
400-0001-103,Collins Aerospace,Water Boiler
400-0001-105,Collins Aerospace,Water Boiler
400-0001-109,Collins Aerospace,Water Boiler
400-0001-111,Collins Aerospace,Water Boiler
400-0929-01,Safran ,Oven Control Module
400-0929-02,Safran ,Oven Control Module
400-0929-03,Safran ,Oven Control Module
400-0929-04,Safran ,Oven Control Module
400-1198-01,Safran ,Oven
400-1218-01,Safran ,Oven
400-1317-01-L,Safran ,Oven
400-1317-01-R,Safran ,Oven
400-1338-01-L,Safran ,Microwave Oven
400-1338-01-R,Safran ,Microwave Oven
400-1338-02-L,Safran ,Microwave Oven
400-1338-02-L-N,Safran ,Microwave Oven
400-1338-02-R,Safran ,Microwave Oven
400-1338-02-R-N,Safran ,Microwave Oven
400-1338-03-R,Safran ,Microwave Oven
400-1371-01-L,Safran ,Oven
400-1371-01-R,Safran ,Oven
400-1377-01,Safran ,Oven Control Module
400-1377-02,Safran ,Oven Control Module
400-1377-03,Safran ,Oven Control Module
400-1377-04,Safran ,Oven Control Module
400-1398-01-L,Safran ,Oven
400-1398-01-R,Safran ,Oven
400-1399-01-L,Safran ,Oven
400-1399-01-R,Safran ,Oven
400-1409-01-L,Safran ,Microwave Oven
400-1409-01-R,Safran ,Microwave Oven
400-1409-02-L,Safran ,Microwave Oven
400-1409-02-L-N,Safran ,Microwave Oven
400-1409-02-R,Safran ,Microwave Oven
400-1409-02-R-N,Safran ,Microwave Oven
400-1549-01-L,Safran ,Oven
400-1549-01-R,Safran ,Oven
400-1550-01-L,Safran ,Oven
400-1550-01-R,Safran ,Oven
400-1629-01-L,Safran ,Oven
400-1629-01-R,Safran ,Oven
400-1630-01-L,Safran ,Oven
400-1630-01-R,Safran ,Oven
400-1670-01-L,Safran ,Oven
400-1670-01-R,Safran ,Oven
400-1672-01-L,Safran ,Oven
400-1672-01-R,Safran ,Oven
400-1726-01-L,Safran ,Microwave Oven
400-1742-01,Safran ,Oven Control Module
400-1742-02,Safran ,Oven Control Module
400-1744-01,Safran ,Microwave Oven
400-1746-02-L,Safran ,Microwave Oven
400-1746-02-R,Safran ,Microwave Oven
400-1794-01,Safran ,Coffee Maker
400-1794-02,Safran ,Coffee Maker
400-1794-03,Safran ,Coffee Maker
400-1794-04,Safran ,Coffee Maker
400-1794-05,Safran ,Coffee Maker
400-1794-06,Safran ,Coffee Maker
400-1794-07,Safran ,Coffee Maker
400-1794-08,Safran ,Coffee Maker
400-1794-09,Safran ,Coffee Maker
400-1794-10,Safran ,Coffee Maker
400-1794-11,Safran ,Coffee Maker
400-1794-12,Safran ,Coffee Maker
400-1794-13,Safran ,Coffee Maker
400-1794-14,Safran ,Coffee Maker
400-1794-15,Safran ,Coffee Maker
400-1860-01,Safran ,Microwave Oven
400-1860-02,Safran ,Microwave Oven
400-1907-01,Safran ,Coffee Maker
400-1907-02,Safran ,Coffee Maker
400-1907-03,Safran ,Coffee Maker
400-1907-04,Safran ,Coffee Maker
400-1907-05,Safran ,Coffee Maker
400-1907-06,Safran ,Coffee Maker
400-1907-07,Safran ,Coffee Maker
400-1907-08,Safran ,Coffee Maker
400-1935-01,Safran ,Microwave Oven 
400-1962-01,Safran ,Oven Control Module
400-1962-02,Safran ,Oven Control Module
400-2095-01-L,Safran ,Convection Oven
400-2095-01-R,Safran ,Convection Oven
400-2196-01,Safran ,Microwave Oven
400220-1,Adams Rite,Manual Selector Valve
400220-11,Adams Rite,Selector Valve Assembly
400220-13,Adams Rite,Selector Valve Assembly
400220-15,Adams Rite,Selector Valve Assembly
400220-17,Adams Rite,Selector Valve Assembly
400220-19,Adams Rite,Selector Valve Assembly
400220-2,Adams Rite,Manual Selector Valve
400220-3,Adams Rite,Manual Selector Valve
400220-4,Adams Rite,Manual Selector Valve
400220-5,Adams Rite,Selector Valve Assembly
400-2473-01-L,Safran ,Microwave Oven
400-2473-01-R,Safran ,Microwave Oven
400-2473-02-L,Safran ,Microwave Oven
400-2473-02-R,Safran ,Microwave Oven
400-2475-01,Safran ,Coffee Maker
405-0001-1,Collins Aerospace ,Coffee Maker
405-0001-3,Collins Aerospace ,Coffee Maker
405-0001-5,Collins Aerospace ,Coffee Maker
409-0001-1,Collins Aerospace ,Coffee Maker
409-0001-1BA,Collins Aerospace ,Coffee Maker
411-0001-126,Collins Aerospace ,Coffee Maker
411-0001-127,Collins Aerospace ,Coffee Maker
411-0001-130,Collins Aerospace ,Coffee Maker
411-0001-131,Collins Aerospace ,Coffee Maker
411-0001-131CX,Collins Aerospace ,Coffee Maker
411-0001-133,Collins Aerospace ,Coffee Maker
411-0001-135,Collins Aerospace ,Coffee Maker
411-0001-137,Collins Aerospace ,Coffee Maker
411-0001-139,Collins Aerospace ,Coffee Maker
411-0001-139A,Collins Aerospace ,Coffee Maker
411-0001-141,Collins Aerospace ,Coffee Maker
411-0001-143,Collins Aerospace ,Coffee Maker
411-0001-145,Collins Aerospace ,Coffee Maker
411-0001-147,Collins Aerospace ,Coffee Maker
411-1-000-1   ,Collins Aerospace ,Coffee Maker
413-0001-1,Collins Aerospace ,Toilet Water Heater
416-0001-1,Collins Aerospace ,Coffee Maker
416-0001-11,Collins Aerospace ,Coffee Maker
416-0001-13,Collins Aerospace ,Coffee Maker
416-0001-15,Collins Aerospace ,Coffee Maker
416-0001-17,Collins Aerospace ,Coffee Maker
416-0001-19,Collins Aerospace ,Coffee Maker
416-0001-1P,Collins Aerospace ,Coffee Maker
416-0001-21,Collins Aerospace ,Coffee Maker
416-0001-23,Collins Aerospace ,Coffee Maker
416-0001-25,Collins Aerospace ,Coffee Maker
416-0001-27,Collins Aerospace ,Coffee Maker
416-0001-29,Collins Aerospace ,Coffee Maker
416-0001-3,Collins Aerospace ,Coffee Maker
416-0001-35,Collins Aerospace ,Coffee Maker
416-0001-39,Collins Aerospace ,Coffee Maker
416-0001-41,Collins Aerospace ,Coffee Maker
416-0001-45,Collins Aerospace ,Coffee Maker
416-0001-47,Collins Aerospace ,Coffee Maker
416-0001-49,Collins Aerospace ,Coffee Maker
416-0001-5,Collins Aerospace ,Coffee Maker
416-0001-7,Collins Aerospace ,Coffee Maker
416-0001-9,Collins Aerospace ,Coffee Maker
416-0201-1,Collins Aerospace ,Rail Assembly
416-0201-11,Collins Aerospace ,Rail Assembly
416-0201-15,Collins Aerospace ,Rail Assembly
416-0201-17,Collins Aerospace ,Rail Assembly
416-0201-23,Collins Aerospace ,Rail Assembly
416-0201-25,Collins Aerospace ,Rail Assembly
416-0201-27,Collins Aerospace ,Rail Assembly
416-0201-29,Collins Aerospace ,Rail Assembly
416-0201-3,Collins Aerospace ,Rail Assembly
416-0201-31,Collins Aerospace ,Rail Assembly
416-0201-33,Collins Aerospace ,Rail Assembly
416-0201-35,Collins Aerospace ,Rail Assembly
416-0201-37,Collins Aerospace ,Rail Assembly
416-0201-39,Collins Aerospace ,Rail Assembly
416-0201-41,Collins Aerospace ,Rail Assembly
416-0201-5,Collins Aerospace ,Rail Assembly
416-0201-7,Collins Aerospace ,Rail Assembly
416-0201-9,Collins Aerospace ,Rail Assembly
416-1001-1,Collins Aerospace ,Coffee Maker
416-1001-13,Collins Aerospace ,Coffee Maker
416-1001-15,Collins Aerospace ,Coffee Maker
416-1001-17,Collins Aerospace ,Coffee Maker
416-1001-19,Collins Aerospace ,Coffee Maker
416-1001-1P,Collins Aerospace ,Coffee Maker
416-1001-1PG,Collins Aerospace ,Coffee Maker
416-1001-21,Collins Aerospace ,Coffee Maker
416-1001-23,Collins Aerospace ,Coffee Maker
416-1001-25,Collins Aerospace ,Coffee Maker
416-1001-29,Collins Aerospace ,Coffee Maker
416-1001-3,Collins Aerospace ,Coffee Maker
416-1001-35,Collins Aerospace ,Coffee Maker
416-1001-39,Collins Aerospace ,Coffee Maker
416-1001-41,Collins Aerospace ,Coffee Maker
416-1001-45,Collins Aerospace ,Coffee Maker
416-1001-47,Collins Aerospace ,Coffee Maker
416-1001-49,Collins Aerospace ,Coffee Maker
416-1001-5,Collins Aerospace ,Coffee Maker
416-1001-7,Collins Aerospace ,Coffee Maker
416-1001-9,Collins Aerospace ,Coffee Maker
420-0001-5,Collins Aerospace ,Coffee Maker
420-0001-7,Collins Aerospace ,Coffee Maker
421-0001-1,Collins Aerospace ,Water Heater
421-0001-3,Collins Aerospace ,Water Heater
421-0001-5,Collins Aerospace ,Water Heater
421-1-000-1   ,Collins Aerospace ,Coffee Maker
421-1-000-1B   ,Collins Aerospace ,Coffee Maker
421-1-0001BK1   ,Collins Aerospace ,Coffee Maker
425-0001-1,Collins Aerospace ,Coffee Maker
425-0001-11,Collins Aerospace ,Coffee Maker
425-0001-13,Collins Aerospace ,Coffee Maker
425-0001-3,Collins Aerospace ,Coffee Maker
425-0001-5,Collins Aerospace ,Coffee Maker
425-0001-7,Collins Aerospace ,Coffee Maker
425-0001-7M,Collins Aerospace ,Coffee Maker
425-0001-9,Collins Aerospace ,Coffee Maker
4310000-00-55,Collins Aerospace ,Oven
4311500-00-55-00,Collins Aerospace ,Oven
4311501-00-55-00,Collins Aerospace ,Oven
4313000-00-66-00,Collins Aerospace ,Oven
4313001-00-66-00,Collins Aerospace ,Oven
4313070-01-6600,Collins Aerospace ,Oven
4313071-01-0000,Collins Aerospace ,Oven
4313100-00-66-00,Collins Aerospace ,Oven
4313100-01-6600,Collins Aerospace ,Oven
4313101-00-66-00,Collins Aerospace ,Oven
4313101-01-6600,Collins Aerospace ,Oven
4315000-00-0000,Collins Aerospace ,Oven
4315001-00-0000,Collins Aerospace ,Oven
4315750-00-0000,Collins Aerospace ,Oven
4315751-00-0000,Collins Aerospace ,Oven
4323000-00-66-00,Collins Aerospace ,Oven
4323000-00-66-22,Collins Aerospace ,Oven
4323001-00-66-00,Collins Aerospace ,Oven
4323001-00-66-22,Collins Aerospace ,Oven
4323070-00-66-26,Collins Aerospace ,Oven
4323070-01-6626,Collins Aerospace ,Oven
4323071-00-66-26,Collins Aerospace ,Oven
4323071-01-6626,Collins Aerospace ,Oven
4323100-00-66-22,Collins Aerospace ,Oven
4323100-01-6622,Collins Aerospace ,Oven
4323101-00-66-22,Collins Aerospace ,Oven
4323101-01-6622,Collins Aerospace ,Oven
4323200-91-6600,Collins Aerospace ,Steam Oven
4323201-91-6600,Collins Aerospace ,Steam Oven
4333000-00-66-00,Collins Aerospace ,Oven
4333100-00-66-00,Collins Aerospace ,Oven
4333100-01-6600,Collins Aerospace ,Oven
4333101-00-66-00,Collins Aerospace ,Oven
4333101-01-6600,Collins Aerospace ,Oven
4360004-80-00-18,Collins Aerospace ,Water Heater
4360004-80-00-25,Collins Aerospace ,Water Heater
4360004-80SQ18,Collins Aerospace ,Water Heater
4360004-81-00-18,Collins Aerospace ,Water Heater
4360004-85-00-18,Collins Aerospace ,Water Heater
4360004-86-00-18,Collins Aerospace ,Water Heater
4360004-87-00-18,Collins Aerospace ,Water Heater
4360004-88-00-18,Collins Aerospace ,Water Heater
438000002,Collins Aerospace ,Oven Control Module
438000003,Collins Aerospace ,Oven Control Module
440-0001-1,Collins Aerospace ,Coffee Maker
440-0001-3,Collins Aerospace ,Coffee Maker
4510-0001-01,Collins Aerospace ,Beverage Maker
4510-11LF-00,Collins Aerospace ,Beverage Maker-Endura
4510-11LG-00,Collins Aerospace ,Beverage Maker-Endura
4510-11UF-00,Collins Aerospace ,Beverage Maker-Endura
4510-11UG-00,Collins Aerospace ,Beverage Maker-Endura
4510-12LF-00,Collins Aerospace ,Beverage Maker-Endura
4510-12LG-00,Collins Aerospace ,Beverage Maker-Endura
4510-12UF-00,Collins Aerospace ,Beverage Maker-Endura
4510-12UG-00,Collins Aerospace ,Beverage Maker-Endura
4510-13LF-00,Collins Aerospace ,Beverage Maker-Endura
4510-13LG-00,Collins Aerospace ,Beverage Maker-Endura
4510-13UF-00,Collins Aerospace ,Beverage Maker-Endura
4510-13UG-00,Collins Aerospace ,Beverage Maker-Endura
4510-14LF-00,Collins Aerospace ,Beverage Maker-Endura
4510-14LG-00,Collins Aerospace ,Beverage Maker-Endura
4510-14UF-00,Collins Aerospace ,Beverage Maker-Endura
4510-14UF-01,Collins Aerospace ,Beverage Maker-Endura
4510-14UG-00,Collins Aerospace ,Beverage Maker-Endura
4510-15LF-00,Collins Aerospace ,Beverage Maker-Endura
4510-15LG-00,Collins Aerospace ,Beverage Maker-Endura
4510-15UF-00,Collins Aerospace ,Beverage Maker-Endura
4510-15UG-00,Collins Aerospace ,Beverage Maker-Endura
4510-16LF-00,Collins Aerospace ,Beverage Maker-Endura
4510-16LG-00,Collins Aerospace ,Beverage Maker-Endura
4510-16UF-00,Collins Aerospace ,Beverage Maker-Endura
4510-16UG-00,Collins Aerospace ,Beverage Maker-Endura
4510-17LF-00,Collins Aerospace ,Beverage Maker-Endura
4510-17LG-00,Collins Aerospace ,Beverage Maker-Endura
4510-17UF-00,Collins Aerospace ,Beverage Maker-Endura
4510-17UG-00,Collins Aerospace ,Beverage Maker-Endura
4510-18LF-00,Collins Aerospace ,Beverage Maker-Endura
4510-18LG-00,Collins Aerospace ,Beverage Maker-Endura
4510-18UF-00,Collins Aerospace ,Beverage Maker-Endura
4510-18UG-00,Collins Aerospace ,Beverage Maker-Endura
4510-21LF-00,Collins Aerospace ,Beverage Maker-Endura
4510-21LG-00,Collins Aerospace ,Beverage Maker-Endura
4510-21UF-00,Collins Aerospace ,Beverage Maker-Endura
4510-21UG-00,Collins Aerospace ,Beverage Maker-Endura
4510-22LF-00,Collins Aerospace ,Beverage Maker-Endura
4510-22LG-00,Collins Aerospace ,Beverage Maker-Endura
4510-22UF-00,Collins Aerospace ,Beverage Maker-Endura
4510-22UG-00,Collins Aerospace ,Beverage Maker-Endura
4510-23LF-00,Collins Aerospace ,Beverage Maker-Endura
4510-23LG-00,Collins Aerospace ,Beverage Maker-Endura
4510-23UF-00,Collins Aerospace ,Beverage Maker-Endura
4510-23UG-00,Collins Aerospace ,Beverage Maker-Endura
4510-24LF-00,Collins Aerospace ,Beverage Maker-Endura
4510-24LG-00,Collins Aerospace ,Beverage Maker-Endura
4510-24UF-00,Collins Aerospace ,Beverage Maker-Endura
4510-24UG-00,Collins Aerospace ,Beverage Maker-Endura
4510-25LF-00,Collins Aerospace ,Beverage Maker-Endura
4510-25LG-00,Collins Aerospace ,Beverage Maker-Endura
4510-25UF-00,Collins Aerospace ,Beverage Maker-Endura
4510-25UG-00,Collins Aerospace ,Beverage Maker-Endura
4510-26LF-00,Collins Aerospace ,Beverage Maker-Endura
4510-26LG-00,Collins Aerospace ,Beverage Maker-Endura
4510-26UF-00,Collins Aerospace ,Beverage Maker-Endura
4510-26UG-00,Collins Aerospace ,Beverage Maker-Endura
4510-27LF-00,Collins Aerospace ,Beverage Maker-Endura
4510-27LG-00,Collins Aerospace ,Beverage Maker-Endura
4510-27UF-00,Collins Aerospace ,Beverage Maker-Endura
4510-27UG-00,Collins Aerospace ,Beverage Maker-Endura
4510-28LF-00,Collins Aerospace ,Beverage Maker-Endura
4510-28LG-00,Collins Aerospace ,Beverage Maker-Endura
4510-28UF-00,Collins Aerospace ,Beverage Maker-Endura
4510-28UG-00,Collins Aerospace ,Beverage Maker-Endura
4510-31LF-00,Collins Aerospace ,Beverage Maker-Endura
4510-31LG-00,Collins Aerospace ,Beverage Maker-Endura
4510-31UF-00,Collins Aerospace ,Beverage Maker-Endura
4510-31UG-00,Collins Aerospace ,Beverage Maker-Endura
4510-32LF-00,Collins Aerospace ,Beverage Maker-Endura
4510-32LG-00,Collins Aerospace ,Beverage Maker-Endura
4510-32UF-00,Collins Aerospace ,Beverage Maker-Endura
4510-32UG-00,Collins Aerospace ,Beverage Maker-Endura
4510-33LF-00,Collins Aerospace ,Beverage Maker-Endura
4510-33LG-00,Collins Aerospace ,Beverage Maker-Endura
4510-33UF-00,Collins Aerospace ,Beverage Maker-Endura
4510-33UG-00,Collins Aerospace ,Beverage Maker-Endura
4510-34LF-00,Collins Aerospace ,Beverage Maker-Endura
4510-34LG-00,Collins Aerospace ,Beverage Maker-Endura
4510-34UF-00,Collins Aerospace ,Beverage Maker-Endura
4510-34UG-00,Collins Aerospace ,Beverage Maker-Endura
4510-35LF-00,Collins Aerospace ,Beverage Maker-Endura
4510-35LG-00,Collins Aerospace ,Beverage Maker-Endura
4510-35UF-00,Collins Aerospace ,Beverage Maker-Endura
4510-35UG-00,Collins Aerospace ,Beverage Maker-Endura
4510-36LF-00,Collins Aerospace ,Beverage Maker-Endura
4510-36LG-00,Collins Aerospace ,Beverage Maker-Endura
4510-36UF-00,Collins Aerospace ,Beverage Maker-Endura
4510-36UG-00,Collins Aerospace ,Beverage Maker-Endura
4510-37LF-00,Collins Aerospace ,Beverage Maker-Endura
4510-37LG-00,Collins Aerospace ,Beverage Maker-Endura
4510-37UF-00,Collins Aerospace ,Beverage Maker-Endura
4510-37UG-00,Collins Aerospace ,Beverage Maker-Endura
4510-38LF-00,Collins Aerospace ,Beverage Maker-Endura
4510-38LG-00,Collins Aerospace ,Beverage Maker-Endura
4510-38UF-00,Collins Aerospace ,Beverage Maker-Endura
4510-38UG-00,Collins Aerospace ,Beverage Maker-Endura
4510-41LF-00,Collins Aerospace ,Beverage Maker-Endura
4510-41LG-00,Collins Aerospace ,Beverage Maker-Endura
4510-41UF-00,Collins Aerospace ,Beverage Maker-Endura
4510-41UG-00,Collins Aerospace ,Beverage Maker-Endura
4510-42LF-00,Collins Aerospace ,Beverage Maker-Endura
4510-42LG-00,Collins Aerospace ,Beverage Maker-Endura
4510-42UF-00,Collins Aerospace ,Beverage Maker-Endura
4510-42UG-00,Collins Aerospace ,Beverage Maker-Endura
4510-43LF-00,Collins Aerospace ,Beverage Maker-Endura
4510-43LG-00,Collins Aerospace ,Beverage Maker-Endura
4510-43UF-00,Collins Aerospace ,Beverage Maker-Endura
4510-43UG-00,Collins Aerospace ,Beverage Maker-Endura
4510-44LF-00,Collins Aerospace ,Beverage Maker-Endura
4510-44LG-00,Collins Aerospace ,Beverage Maker-Endura
4510-44UF-00,Collins Aerospace ,Beverage Maker-Endura
4510-44UG-00,Collins Aerospace ,Beverage Maker-Endura
4510-45LF-00,Collins Aerospace ,Beverage Maker-Endura
4510-45LG-00,Collins Aerospace ,Beverage Maker-Endura
4510-45UF-00,Collins Aerospace ,Beverage Maker-Endura
4510-45UG-00,Collins Aerospace ,Beverage Maker-Endura
4510-46LF-00,Collins Aerospace ,Beverage Maker-Endura
4510-46LG-00,Collins Aerospace ,Beverage Maker-Endura
4510-46UF-00,Collins Aerospace ,Beverage Maker-Endura
4510-46UG-00,Collins Aerospace ,Beverage Maker-Endura
4510-47LF-00,Collins Aerospace ,Beverage Maker-Endura
4510-47LG-00,Collins Aerospace ,Beverage Maker-Endura
4510-47UF-00,Collins Aerospace ,Beverage Maker-Endura
4510-47UG-00,Collins Aerospace ,Beverage Maker-Endura
4510-48LF-00,Collins Aerospace ,Beverage Maker-Endura
4510-48LG-00,Collins Aerospace ,Beverage Maker-Endura
4510-48UF-00,Collins Aerospace ,Beverage Maker-Endura
4510-48UG-00,Collins Aerospace ,Beverage Maker-Endura
4511-1 Series,Collins Aerospace ,Beverage Maker
4511-1111-00,Collins Aerospace ,Beverage Maker
4511-1112-00,Collins Aerospace ,Beverage Maker
4511-1121-00,Collins Aerospace ,Beverage Maker
4511-1122-00,Collins Aerospace ,Beverage Maker
4511-1211-00,Collins Aerospace ,Beverage Maker
4511-1212-00,Collins Aerospace ,Beverage Maker
4511-1221-00,Collins Aerospace ,Beverage Maker
4511-1222-00,Collins Aerospace ,Beverage Maker
4511-1311-00,Collins Aerospace ,Beverage Maker
4511-1312-00,Collins Aerospace ,Beverage Maker
4511-1321-00,Collins Aerospace ,Beverage Maker
4511-1322-00,Collins Aerospace ,Beverage Maker
4511-1411-00,Collins Aerospace ,Beverage Maker
4511-1412-00,Collins Aerospace ,Beverage Maker
4511-1421-00,Collins Aerospace ,Beverage Maker
4511-1422-00,Collins Aerospace ,Beverage Maker
4511-1511-00,Collins Aerospace ,Beverage Maker
4511-1512-00,Collins Aerospace ,Beverage Maker
4511-1521-00,Collins Aerospace ,Beverage Maker
4511-1522-00,Collins Aerospace ,Beverage Maker
4511-1611-00,Collins Aerospace ,Beverage Maker
4511-1612-00,Collins Aerospace ,Beverage Maker
4511-1621-00,Collins Aerospace ,Beverage Maker
4511-1622-00,Collins Aerospace ,Beverage Maker
4511-1711-00,Collins Aerospace ,Beverage Maker
4511-1712-00,Collins Aerospace ,Beverage Maker
4511-1721-00,Collins Aerospace ,Beverage Maker
4511-1722-00,Collins Aerospace ,Beverage Maker
4511-1811-00,Collins Aerospace ,Beverage Maker
4511-1812-00,Collins Aerospace ,Beverage Maker
4511-1821-00,Collins Aerospace ,Beverage Maker
4511-1822-00,Collins Aerospace ,Beverage Maker
4511-2 Series,Collins Aerospace ,Beverage Maker
4511-2111-00,Collins Aerospace ,Beverage Maker
4511-2112-00,Collins Aerospace ,Beverage Maker
4511-2121-00,Collins Aerospace ,Beverage Maker
4511-2122-00,Collins Aerospace ,Beverage Maker
4511-2211-00,Collins Aerospace ,Beverage Maker
4511-2212-00,Collins Aerospace ,Beverage Maker
4511-2221-00,Collins Aerospace ,Beverage Maker
4511-2222-00,Collins Aerospace ,Beverage Maker
4511-2311-00,Collins Aerospace ,Beverage Maker
4511-2312-00,Collins Aerospace ,Beverage Maker
4511-2321-00,Collins Aerospace ,Beverage Maker
4511-2322-00,Collins Aerospace ,Beverage Maker
4511-2411-00,Collins Aerospace ,Beverage Maker
4511-2412-00,Collins Aerospace ,Beverage Maker
4511-2421-00,Collins Aerospace ,Beverage Maker
4511-2422-00,Collins Aerospace ,Beverage Maker
4511-2511-00,Collins Aerospace ,Beverage Maker
4511-2512-00,Collins Aerospace ,Beverage Maker
4511-2521-00,Collins Aerospace ,Beverage Maker
4511-2522-00,Collins Aerospace ,Beverage Maker
4511-2611-00,Collins Aerospace ,Beverage Maker
4511-2612-00,Collins Aerospace ,Beverage Maker
4511-2621-00,Collins Aerospace ,Beverage Maker
4511-2622-00,Collins Aerospace ,Beverage Maker
4511-2711-00,Collins Aerospace ,Beverage Maker
4511-2712-00,Collins Aerospace ,Beverage Maker
4511-2721-00,Collins Aerospace ,Beverage Maker
4511-2722-00,Collins Aerospace ,Beverage Maker
4511-2811-00,Collins Aerospace ,Beverage Maker
4511-2812-00,Collins Aerospace ,Beverage Maker
4511-2821-00,Collins Aerospace ,Beverage Maker
4511-2822-00,Collins Aerospace ,Beverage Maker
4520-1111-00,Collins Aerospace ,Endura Water Boiler
4520-1112-00,Collins Aerospace ,Endura Water Boiler
4520-1121-00,Collins Aerospace ,Endura Water Boiler
4520-1122-00,Collins Aerospace ,Endura Water Boiler
4520-1211-00,Collins Aerospace ,Endura Water Boiler
4520-1212-00,Collins Aerospace ,Endura Water Boiler
4520-1221-00,Collins Aerospace ,Endura Water Boiler
4520-1222-00,Collins Aerospace ,Endura Water Boiler
4520-2111-00,Collins Aerospace ,Endura Water Boiler
4520-2112-00,Collins Aerospace ,Endura Water Boiler
4520-2121-00,Collins Aerospace ,Endura Water Boiler
4520-2122-00,Collins Aerospace ,Endura Water Boiler
4520-2211-00,Collins Aerospace ,Endura Water Boiler
4520-2212-00,Collins Aerospace ,Endura Water Boiler
4520-2221-00,Collins Aerospace ,Endura Water Boiler
4520-2222-00,Collins Aerospace ,Endura Water Boiler
4521-1111-00,Collins Aerospace ,Water Boiler
4521-1112-00,Collins Aerospace ,Water Boiler
4521-1121-00,Collins Aerospace ,Water Boiler
4521-1122-00,Collins Aerospace ,Water Boiler
4521-1211-00,Collins Aerospace ,Water Boiler
4521-1212-00,Collins Aerospace ,Water Boiler
4521-1221-00,Collins Aerospace ,Water Boiler
4521-1222-00,Collins Aerospace ,Water Boiler
4521-2111-00,Collins Aerospace ,Water Boiler
4521-2112-00,Collins Aerospace ,Water Boiler
4521-2121-00,Collins Aerospace ,Water Boiler
4521-2122-00,Collins Aerospace ,Water Boiler
4521-2211-00,Collins Aerospace ,Water Boiler
4521-2212-00,Collins Aerospace ,Water Boiler
4521-2221-00,Collins Aerospace ,Water Boiler
4521-2222-00,Collins Aerospace ,Water Boiler
453-0001-1,Collins Aerospace ,Coffee Warmer
453-0001-3,Collins Aerospace ,Coffee Warmer
453-0001-5,Collins Aerospace ,Coffee Warmer
4554-11T4619,Adams Rite,Crew Door Latch Assy
4554-15T4619,Adams Rite,Crew Door Latch Assy
4554-1T4619,Adams Rite,Crew Door Latch Assy
4554-1T5106,Adams Rite,Crew Door Latch Assy
4554-3,Adams Rite,Crew Door Latch Assy
4554-5T4619,Adams Rite,Crew Door Latch Assy
4620-2111-00,Collins Aerospace,Water Boiler
4620-2112-00,Collins Aerospace,Water Boiler
4620-2121-00,Collins Aerospace,Water Boiler
4620-2122-00,Collins Aerospace,Water Boiler
4620-2211-00,Collins Aerospace,Water Boiler
4620-2212-00,Collins Aerospace,Water Boiler
4620-2221-00,Collins Aerospace,Water Boiler
4620-2222-00,Collins Aerospace,Water Boiler
4704-1-000/1,Collins Aerospace,Oven
471-0001-1,Collins Aerospace,Coffee Maker
471-0001-3,Collins Aerospace,Coffee Maker
471-0001-5,Collins Aerospace,Coffee Maker
4804-1-000/1,Collins Aerospace,Oven
500-0001-1,Collins Aerospace,Coffee Maker
500-0001-3,Collins Aerospace,Coffee Maker
500-0387-01,Safran ,Coffee Maker
500-0387-04,Safran ,Coffee Maker
500-0387D,Safran ,Coffee Maker
500-0387-D4,Safran ,Coffee Maker
500-0444-01,Safran ,Oven
500-0444-01-L,Safran ,Oven
500-0444-01-R,Safran ,Oven
500-0454-01,Safran ,Coffee Maker
500-0454-02,Safran ,Coffee Maker
500-0454-03,Safran ,Coffee Maker
500-0454-04,Safran ,Coffee Maker
500050-2,Safran ,Spigot
500-0521-01,Safran ,Coffee Maker
500-0521-02,Safran ,Coffee Maker
500-0567-01,Safran ,Coffee Maker
500-0589-01,Safran ,Oven
500-0589-02,Safran ,Oven
500-0589-03,Safran ,Oven
500-0589-04,Safran ,Oven
500-0590-01,Safran ,Oven
500-0590-02,Safran ,Oven
500-0590-03,Safran ,Oven
500-0591-01,Safran ,Oven
500-0594-01,Safran ,Oven
500-0614-01(model# 1459-2),Safran ,Toilet Water Heater
500-0615-01,Safran ,Coffee Maker
500-0615-02,Safran ,Coffee Maker
500-0615-03,Safran ,Coffee Maker
500-0615-04,Safran ,Coffee Maker
500-0615-05,Safran ,Coffee Maker
500-0615-06,Safran ,Coffee Maker
500-0619-01,Safran ,Coffee Maker
500-0619-02,Safran ,Coffee Maker
500-0619-03,Safran ,Coffee Maker
500-0619-04,Safran ,Coffee Maker
500-0619-05,Safran ,Coffee Maker
500-0619-06,Safran ,Coffee Maker
500-0619-07,Safran ,Coffee Maker
500-0619-08,Safran ,Coffee Maker
500-0619-09,Safran ,Coffee Maker
500-0625-01(model# 1459-3),Safran ,Toilet Water Heater
500-387,Safran ,Coffee Maker
50047B,Collins Aerospace ,Oven
501930-11U,Adams Rite ,Bi-Fold Door Latch Assy
501930-11WW,Adams Rite ,Bi-Fold Door Latch Assy
501930-13U,Adams Rite ,Bi-Fold Door Latch Assy
501930-14U,Adams Rite ,Bi-Fold Door Latch Assy
501930-1AA,Adams Rite ,Bi-Fold Door Latch Assy
501930-1AB,Adams Rite ,Bi-Fold Door Latch Assy
501930-1CCC,Adams Rite ,Bi-Fold Door Latch Assy
501930-1EEE,Adams Rite ,Bi-Fold Door Latch Assy
501930-1HHH,Adams Rite ,Bi-Fold Door Latch Assy
501930-1JJJ,Adams Rite ,Bi-Fold Door Latch Assy
501930-1LLL,Adams Rite ,Bi-Fold Door Latch Assy
501930-1NNN,Adams Rite ,Bi-Fold Door Latch Assy
501930-1OWW,Adams Rite ,Bi-Fold Door Latch Assy
501930-1U,Adams Rite ,Bi-Fold Door Latch Assy
501930-1WW,Adams Rite ,Bi-Fold Door Latch Assy
501930-1WW1,Adams Rite ,Bi-Fold Door Latch Assy
501930-1WW3,Adams Rite ,Bi-Fold Door Latch Assy
501930-1WWW,Adams Rite ,Bi-Fold Door Latch Assy
501930-2NNN,Adams Rite ,Bi-Fold Door Latch Assy
501930-2U,Adams Rite ,Bi-Fold Door Latch Assy
501930-3U1,Adams Rite ,Bi-Fold Door Latch Assy
501930-3WW,Adams Rite ,Bi-Fold Door Latch Assy
501930-4HH1,Adams Rite ,Bi-Fold Door Latch Assy
501930-4U1,Adams Rite ,Bi-Fold Door Latch Assy
501930-4W,Adams Rite ,Bi-Fold Door Latch Assy
501930-4W1,Adams Rite ,Bi-Fold Door Latch Assy
501930-4WW,Adams Rite ,Bi-Fold Door Latch Assy
501930-7WW,Adams Rite ,Bi-Fold Door Latch Assy
50286A,Collins Aerospace ,Oven
50304A,Collins Aerospace,Water Heater
50304APG,Collins Aerospace,Water Heater
50304B,Collins Aerospace,Water Heater
503220-21,Adams Rite,Latch Assy
503220-21L,Adams Rite,Latch Assy-Outbrd Bin
503220-21WH,Adams Rite,Latch Assy
503220-22,Adams Rite,Latch Assy
503220-22L,Adams Rite,Latch Assy-Outbrd Bin
503220-22WH,Adams Rite,Latch Assy
503220-23,Adams Rite,Latch Assy
503220-23L,Adams Rite,Latch Assy-Outbrd Bin
503220-23WH,Adams Rite,Latch Assy
503220-24,Adams Rite,Latch Assy
503220-24L,Adams Rite,Latch Assy-Outbrd Bin
503220-25,Adams Rite,Latch Assy
503220-26,Adams Rite,Latch Assy
503220-27,Adams Rite,Latch Assy
503220-27L,Adams Rite,Latch Assy-Outbrd Bin
503220-31,Adams Rite,Latch Assy
503220-31L,Adams Rite,Latch Assy-Outbrd Bin
503220-32,Adams Rite,Latch Assy
503220-32L,Adams Rite,Latch Assy-Outbrd Bin
503220-33,Adams Rite,Latch Assy
503220-33L,Adams Rite,Latch Assy-Outbrd Bin
503220-35,Adams Rite,Latch Assy
503220-37,Adams Rite,Latch Assy
503220-39,Adams Rite,Latch Assy
503220-41,Adams Rite,Latch Assy-Outbrd Bin
503220-41L,Adams Rite,Latch Assy-Outbrd Bin
503220-41WH,Adams Rite,Latch Assy
503230-1,Adams Rite,Latch Assy
503230-2,Adams Rite,Latch Assy
503230-21,Adams Rite,Latch Assy
503230-21L,Adams Rite,Latch Assy
503230-21WH,Adams Rite,Latch Assy-Cntr Bin
503230-22,Adams Rite,Latch Assy
503230-22L,Adams Rite,Latch Assy
503230-22WH,Adams Rite,Latch Assy-Cntr Bin
503230-23,Adams Rite,Latch Assy
503230-23L,Adams Rite,Latch Assy
503230-23WH,Adams Rite,Latch Assy-Cntr Bin
503230-3,Adams Rite,Latch Assy
503230-31,Adams Rite,Latch Assy
503230-31L,Adams Rite,Latch Assy
503230-32,Adams Rite,Latch Assy
503230-32L,Adams Rite,Latch Assy
503230-33,Adams Rite,Latch Assy
503230-33L,Adams Rite,Latch Assy
503230-35,Adams Rite,Latch Assy
503230-37,Adams Rite,Latch Assy
503230-39,Adams Rite,Latch Assy
503230-41,Adams Rite,Latch Assy
503230-43,Adams Rite,Latch Assy
503230-45,Adams Rite,Latch Assy
503230-47,Adams Rite,Latch Assy
503230-49,Adams Rite,Latch Assy
503230-51,Adams Rite,Latch Assy
503230-51L,Adams Rite,Latch Assy
503230-51WH,Adams Rite,Latch Assy-Cntr Bin
503230-53,Adams Rite,Latch Assy
503230-53L,Adams Rite,Latch Assy
503230-53WH,Adams Rite,Latch Assy-Cntr Bin
503230-55,Adams Rite,Latch Assy
503230-55L,Adams Rite,Latch Assy
503230-55WH,Adams Rite,Latch Assy-Cntr Bin
503230-57,Adams Rite,Latch Assy
503230-57L,Adams Rite,Latch Assy
503230-57WH,Adams Rite,Latch Assy-Cntr Bin
503489-2,Adams Rite,Actuator Assembly
503489-3,Adams Rite,Actuator Assembly
503489-5,Adams Rite,Actuator Assembly
50405-100,Collins Aerospace ,Coffee Maker
50405-101,Collins Aerospace ,Coffee Maker
50405-102,Collins Aerospace ,Coffee Maker
50405-103,Collins Aerospace ,Coffee Maker
50405-104,Collins Aerospace ,Coffee Maker
50405-105,Collins Aerospace ,Coffee Maker
50405-106,Collins Aerospace ,Coffee Maker
50405-107,Collins Aerospace ,Coffee Maker
50405-108,Collins Aerospace ,Coffee Maker
50405-109,Collins Aerospace ,Coffee Maker
50405-200,Collins Aerospace ,Coffee Maker
50405-201,Collins Aerospace ,Coffee Maker
50413-100,Collins Aerospace,Coffee Maker
50439,Collins Aerospace,Oven/Hot Cup
511-1-000-1   ,Collins Aerospace,Coffee Maker
521-1-000-1   ,Collins Aerospace,Coffee Maker
521-1-000-1B   ,Collins Aerospace,Coffee Maker
5316E,Collins Aerospace,Oven
5334E,Collins Aerospace,Oven
541-1261,Collins Aerospace,Oven
541-1261GA,Collins Aerospace,Oven
541-1761JRTC,Collins Aerospace,Oven
541-1761RTC,Collins Aerospace,Oven
5704-1-000/1,Collins Aerospace,Oven
5804-1-000/1,Collins Aerospace,Oven
5980012100400,Adams Rite,Thermostat Assy
5980402100200,Adams Rite,LWSA Thermostat
5980402100300,Adams Rite,Lavatory Water Heater
5980402101200,Adams Rite,LWSA Thermostat
5980402101300,Adams Rite,Lavatory Water Heater
5980402102200,Adams Rite,LWSA Thermostat
600011-9,Adams Rite,Drain Valve Assy
600020-1,Adams Rite,Faucet
600020-2,Adams Rite,Faucet
600020-3,Adams Rite,Faucet & Drain
600030-1,Adams Rite,Faucet & Drain
600030-2,Adams Rite,Faucet & Drain
600030-3,Adams Rite,Faucet & Drain
600030-4,Adams Rite,Faucet & Drain
600040-2,Adams Rite,Faucet & Drain
600041-2,Adams Rite,Faucet
600050-3,Adams Rite,Faucet & Drain
600060-1,Adams Rite,Spigot 
600060-2,Adams Rite,Spigot
600060-3,Adams Rite,Spigot
600060-4,Adams Rite,Spigot
600060-5,Adams Rite,Spigot
600060-6,Adams Rite,Spigot
600120,Adams Rite,Spigot
600120-1,Adams Rite,Spigot
600200-1,Adams Rite,Spigot Assembly
600200-2,Adams Rite,Spigot Assembly
600200-3,Adams Rite,Spigot Assembly
600200-4,Adams Rite,Spigot Assembly
600240-1,Adams Rite,Spigot Assembly
600240-2,Adams Rite,Spigot Assembly
600240-4,Adams Rite,Spigot Assembly
600380-1,Adams Rite,Faucet
600380-11,Adams Rite,Faucet
600380-2,Adams Rite,Faucet
600380-3,Adams Rite,Faucet
600380-7,Adams Rite,Faucet
600380-9,Adams Rite,Faucet
600420-1,Adams Rite,Faucet & Drain
600420-2,Adams Rite,Faucet & Drain
600420-3,Adams Rite,Faucet & Drain
600450-1,Adams Rite,Spigot Assembly
600450-3,Adams Rite,Spigot Assembly
609054,Collins Aerospace,Rail Assembly
609767,Collins Aerospace,Oven Control Module
60B50027-20,Yokohama,Faucet & Drain Assy
60B50065-5,Goodrich,Water Boiler
610318,Collins Aerospace,Oven Control Module
61073-1,Safran ,Oven
61073-2,Safran ,Oven
61073-3,Safran ,Oven
61075-001-001,Safran ,Oven
611004,Collins Aerospace,Oven Control Module
611-1-000-1   ,Collins Aerospace,Coffee Maker
611-1-000-1PIL   ,Collins Aerospace,Coffee Maker
61120-1,Safran ,Oven
611527,Collins Aerospace,Oven Control Module
611529,Collins Aerospace,Oven Control Module
611530,Collins Aerospace,Oven Control Module
611636,Collins Aerospace,Oven Control Module
611911,Collins Aerospace,Oven Control Module
611915,Collins Aerospace,Oven Control Module
612299,Collins Aerospace,Oven Control Module
612756,Collins Aerospace,Oven Control Module
621-1-000-1  ,Collins Aerospace,Coffee Maker
621-1-000-1B   ,Collins Aerospace,Coffee Maker
62197-001-001,Safran ,Water Boiler
62197-101-001,Safran ,Water Boiler
62198,Safran ,Water Boiler
62198-001-001,Safran ,Water Boiler
64204-001,Safran ,Oven Control Module
64204-001-1,Safran ,Oven Control Module
64220,Safran ,Oven Control Module
64220-001,Safran ,Oven Control Module
64264-001-001,Safran ,Oven Control Module
64751-1,Safran ,Coffee Maker
64751-151,Safran ,Rail Assembly
64751-1BA,Safran ,Coffee Maker
64752-001-003,Safran ,Coffee Maker
64752-2,Safran ,Coffee Maker
64752-201-003,Safran ,Coffee Maker
64753-001-003,Safran ,Coffee Maker
64753-001-005,Safran ,Coffee Maker
64753-1,Safran ,Coffee Maker
64753-301-001,Safran ,Coffee Maker
64753-401-001,Safran ,Coffee Maker
64754-1,Safran ,Coffee Maker
64759,Safran ,Coffee Maker
64759-001-003,Safran ,Coffee Maker
64759-1,Safran ,Coffee Maker
64759-151,Safran ,Rail Assembly
64759-151-001,Safran ,Rail Assembly
64759-151-101,Safran ,Rail Assembly
64759-153,Safran ,Rail Assembly
64759-2,Safran ,Coffee Maker
64759-3,Safran ,Coffee Maker
64759-301-003,Safran ,Coffee Maker
64759-401-001,Safran ,Coffee Maker
64761-001-003,Safran ,Coffee Maker
64761-001-003BA,Safran ,Coffee Maker
64761-001-005,Safran ,Coffee Maker
64761BA,Safran ,Coffee Maker
64763-001-003,Safran ,Coffee Maker
64763-1,Safran ,Coffee Maker
64763-2,Safran ,Coffee Maker
64763-201-003,Safran ,Coffee Maker
64767-001-001,Safran ,Coffee Maker
64767-001-003,Safran ,Coffee Maker
64769-001-001,Safran ,Coffee Maker
64769-001-003,Safran ,Coffee Maker
64769-001-005,Safran ,Coffee Maker
64769-001-007,Safran ,Coffee Maker
64771-001-001,Safran ,Coffee Maker
64771-001-001BA,Safran ,Coffee Maker
64771-001-003,Safran ,Coffee Maker
64771-001-003BA,Safran ,Coffee Maker
64780-1,Safran ,Coffee Maker
64780-167-003,Safran ,Coffee Maker Tank
64780-2,Safran ,Coffee Maker
64780-3,Safran ,Coffee Maker
64781-001-001,Safran ,Coffee Maker
64790-1,Safran ,Coffee Maker
64790-2,Safran ,Coffee Maker
66001-201-001,Safran ,Coffee maker
66063-11,Adams Rite,Upper Faucet Assy
66063-5,Adams Rite ,Faucet
66070,Adams Rite,Upper Faucet Assy
66070-3,Adams Rite,Upper Faucet Assy
66070-5,Adams Rite,Upper Faucet Assy
66070-9,Adams Rite,Upper Faucet Assy
67006,Adams Rite,Upper Faucet Assy
67006-3,Adams Rite,Upper Faucet Assy
67006-5,Adams Rite,Upper Faucet Assy
67006-7,Adams Rite,Upper Faucet Assy
67058,Safran ,Oven
67059,Safran ,Oven
67059-001,Safran ,Oven
67240-001,Safran ,Oven
67251,Safran ,Oven
67251-1,Safran ,Oven
67251-2,Safran ,Oven
67251-3,Safran ,Oven
67255,Safran ,Oven
67255-017,Safran ,Oven Control Module
67255-017ISS3,Safran ,Oven Control Module
67255-1,Safran ,Oven
67255-3,Safran ,Oven
67255-4,Safran ,Oven
67255-5,Safran ,Oven
67257-001-001,Safran ,Oven
67257-001-003,Safran ,Oven
67257-001-005,Safran ,Oven
67257-001-007,Safran ,Oven
67261-001-001,Safran ,Oven
67261-001-002,Safran ,Oven
67261-001-003,Safran ,Oven
67261-001-004,Safran ,Oven
67262-001-001,Safran ,Oven
67262-001-002,Safran ,Oven
67262-001-003,Safran ,Oven
67262-001-004,Safran ,Oven
67272-001-001,Safran ,Oven
67272-001-002,Safran ,Oven
70280-1,Adams Rite,Hydraulic Block Assy
70280-11,Adams Rite,Hydraulic Block Assy
70280-13,Adams Rite,Hydraulic Block Assy
70280-15,Adams Rite,Hydraulic Block Assy
70280-17,Adams Rite,Hydraulic Block Assy
70280-19,Adams Rite,Hydraulic Block Assy
70280-21,Adams Rite,Hydraulic Block Assy
70280-23,Adams Rite,Hydraulic Block Assy
70280-25,Adams Rite,Hydraulic Block Assy
70280-3,Adams Rite,Hydraulic Block Assy
70280-5,Adams Rite,Hydraulic Block Assy
70280-7,Adams Rite,Hydraulic Block Assy
70280-9,Adams Rite,Hydraulic Block Assy
70290-11DXXX,Adams Rite,Faucet Assembly
70290-13DXXX,Adams Rite,Faucet Assembly
70290-15DXXX,Adams Rite,Faucet Assembly
70290-17DXXX,Adams Rite,Faucet Assembly
70290-19DXXX,Adams Rite,Faucet Assembly
70290-1DXXX,Adams Rite,Faucet Assembly
70290-21DXXX,Adams Rite,Faucet Assembly
70290-23DXXX,Adams Rite,Faucet Assembly
70290-25DXXX,Adams Rite,Faucet Assembly
70290-27DXXX,Adams Rite,Faucet Assembly
70290-29DXXX,Adams Rite,Faucet Assembly
70290-31DXXX,Adams Rite,Faucet Assembly
70290-33DXXX,Adams Rite,Faucet Assembly
70290-35DXXX,Adams Rite,Faucet Assembly
70290-37DXXX,Adams Rite,Faucet Assembly
70290-39DXXX,Adams Rite,Faucet Assembly
70290-3DXXX,Adams Rite,Faucet Assembly
70290-41DXXX,Adams Rite,Faucet Assembly
70290-5DXXX,Adams Rite,Faucet Assembly
70290-7DXXX,Adams Rite,Faucet Assembly
70290-9DXXX,Adams Rite,Faucet Assembly
70428-1,Adams Rite,Electric box assembly
70428-11,Adams Rite,Electric box assembly
70428-13,Adams Rite,Electric box assembly
70428-15,Adams Rite,Electric box assembly
70428-17,Adams Rite,Electric box assembly
70428-19,Adams Rite,Electric box assembly
70428-21,Adams Rite,Electric box assembly
70428-23,Adams Rite,Electric box assembly
70428-25,Adams Rite,Electric box assembly
70428-27,Adams Rite,Electric box assembly
70428-29,Adams Rite,Electric box assembly
70428-3,Adams Rite,Electric box assembly
70428-31,Adams Rite,Electric box assembly
70428-33,Adams Rite,Electric box assembly
70428-35,Adams Rite,Electric box assembly
70428-5,Adams Rite,Electric box assembly
70428-7,Adams Rite,Electric box assembly
70428-9,Adams Rite,Electric box assembly
70895-1,Adams Rite,Hydraulic Box Assy
70900-3,Adams Rite,Electric box assembly
7110-11-0000,Safran ,Oven Control Module
7110-11-0000A,Safran ,Oven Control Module
7110-11-0000B,Safran ,Oven Control Module
7110-11-0000C,Safran ,Oven Control Module
7110-17-0000,Safran ,Oven Control Module
7110-28-0000,Safran ,Oven Control Module
7110-35-0000,Safran ,Oven Control Module
711-1-000-1   ,Collins Aerospace,Coffee Maker
72011402B   ,Collins Aerospace,Coffee Maker
72011403B   ,Collins Aerospace,Coffee Maker
72011404B,Collins Aerospace,Coffee Maker
72011412   ,Collins Aerospace,Coffee Maker
72011413   ,Collins Aerospace,Coffee Maker
72011414   ,Collins Aerospace,Coffee Maker
72011500,Collins Aerospace,Coffee Maker
72011510,Collins Aerospace,Coffee Maker
72015726   ,Collins Aerospace,Coffee Maker
72036000,Collins Aerospace,Oven Control Module
72036000-01,Collins Aerospace,Oven Control Module
72036300,Collins Aerospace,Oven Control Module
72038000,Collins Aerospace,Oven Control Module
72038024,Collins Aerospace,Oven Control Module
72038300,Collins Aerospace,Oven Control Module
72038311,Collins Aerospace,Oven Control Module
72064050B,Collins Aerospace,Oven
72064051B,Collins Aerospace,Oven
72066000   ,Collins Aerospace,Oven
72066000-01,Collins Aerospace,Oven
72066000-01B,Collins Aerospace,Oven
72066000B   ,Collins Aerospace,Oven
72066001   ,Collins Aerospace,Oven
72066001B   ,Collins Aerospace,Oven
72066002   ,Collins Aerospace,Oven
72066002B   ,Collins Aerospace,Oven
72066005   ,Collins Aerospace,Oven
72066005B   ,Collins Aerospace,Oven
72066006B   ,Collins Aerospace,Oven
72066010   ,Collins Aerospace,Oven
72066012   ,Collins Aerospace,Oven
72067751,Collins Aerospace,Oven
72068000    ,Collins Aerospace,Oven
72068001    ,Collins Aerospace,Oven
72068002    ,Collins Aerospace,Oven
72068050    ,Collins Aerospace,Oven
72068053    ,Collins Aerospace,Oven
72068100    ,Collins Aerospace,Oven
72068101    ,Collins Aerospace,Oven
72068102    ,Collins Aerospace,Oven
72068150    ,Collins Aerospace,Oven
72068153    ,Collins Aerospace,Oven
72071000   ,Collins Aerospace,Oven
720710-00-04-06,Collins Aerospace,Oven
720710-00-07-02,Collins Aerospace,Oven
720710-00-08-02,Collins Aerospace,Oven
720710-00-11-02,Collins Aerospace,Oven
720710-00-12-02,Collins Aerospace,Oven
720710-00-18-02,Collins Aerospace,Oven
720710-00-22-02,Collins Aerospace,Oven
720710-00-24-02,Collins Aerospace,Oven
720710-00-27-02,Collins Aerospace,Oven
720710-00-30-02,Collins Aerospace,Oven
720710-00-37-03,Collins Aerospace,Oven
720710-00-39-03,Collins Aerospace,Oven
720710-00-40-02,Collins Aerospace,Oven
720710-00-42-00,Collins Aerospace,Oven
720710-00-42-02,Collins Aerospace,Oven
720710-00-42-03,Collins Aerospace,Oven
720710-00-42-06,Collins Aerospace,Oven
720710-00-42-08,Collins Aerospace,Oven
720710-00-63-03,Collins Aerospace,Oven
72071001   ,Collins Aerospace,Oven
720710-01-42-00,Collins Aerospace,Oven
720710-01-42-02,Collins Aerospace,Oven
720710-01-42-03,Collins Aerospace,Oven
720710-01-42-06,Collins Aerospace,Oven
720710-01-42-08,Collins Aerospace,Oven
720710-06-47-02,Collins Aerospace,Oven
720710-06-48-03,Collins Aerospace,Oven
72071007   ,Collins Aerospace,Oven
720710-07-44-02,Collins Aerospace,Oven
720710-07-44-03,Collins Aerospace,Oven
720710-07-46-00,Collins Aerospace,Oven
720710-07-48-03,Collins Aerospace,Oven
720710-07-59-08,Collins Aerospace,Oven
720710-07-61-02,Collins Aerospace,Oven
720710-07-62-02,Collins Aerospace,Oven
720710-09-59-08,Collins Aerospace,Oven
720710-09-62-02,Collins Aerospace,Oven
72071100   ,Collins Aerospace,Oven
720711-00-15-02,Collins Aerospace,Oven
720711-00-16-02,Collins Aerospace,Oven
720711-00-18-02,Collins Aerospace,Oven
720711-00-24-02,Collins Aerospace,Oven
720711-00-30-02,Collins Aerospace,Oven
720711-00-42-00,Collins Aerospace,Oven
720711-00-42-02,Collins Aerospace,Oven
720711-00-42-03,Collins Aerospace,Oven
72071101   ,Collins Aerospace,Oven
72071106   ,Collins Aerospace,Oven
720711-06-45-02,Collins Aerospace,Oven
720711-06-48-03,Collins Aerospace,Oven
72071107   ,Collins Aerospace,Oven
720711-07-46-00,Collins Aerospace,Oven
720711-07-48-03,Collins Aerospace,Oven
72071750   ,Collins Aerospace,Oven
720717-50-30-02,Collins Aerospace,Oven
720717-50-42-08,Collins Aerospace,Oven
720717-51-61-00,Collins Aerospace,Oven
720717-51-61-02,Collins Aerospace,Oven
72071850   ,Collins Aerospace,Oven
720718-51-61-02,Collins Aerospace,Oven
720730-00-02-00,Collins Aerospace,Oven
720730-00-03-00,Collins Aerospace,Oven
720730-00-09-00,Collins Aerospace,Oven
720730-00-19-00,Collins Aerospace,Oven
720730-00-21-00,Collins Aerospace,Oven
720730-00-29-00,Collins Aerospace,Oven
720730-00-41-00,Collins Aerospace,Oven
720730-00-43-00,Collins Aerospace,Oven
720730-00-58-00,Collins Aerospace,Oven
720730-00-64-00,Collins Aerospace,Oven
720731-00-19-00,Collins Aerospace,Oven
720731-00-29-00,Collins Aerospace,Oven
720731-00-43-00,Collins Aerospace,Oven
720737-50-03-00,Collins Aerospace,Oven
720737-50-20-00,Collins Aerospace,Oven
720737-50-29-00,Collins Aerospace,Oven
720737-50-38-00,Collins Aerospace,Oven
720737-50-43-00,Collins Aerospace,Oven
720738-50-43-00,Collins Aerospace,Oven
72091-11D74,Adams Rite ,Faucet 
72091-15D102,Adams Rite ,Faucet 
72091-15D567,Adams Rite ,Faucet 
72091-15D605,Adams Rite ,Faucet 
72091-15D74,Adams Rite ,Faucet 
72091-17D102,Adams Rite ,Faucet 
72091-17D567,Adams Rite ,Faucet 
72091-17D605,Adams Rite ,Faucet 
72091-17D74,Adams Rite ,Faucet 
72091-19D102,Adams Rite ,Faucet 
72091-19D567,Adams Rite ,Faucet 
72091-19D605,Adams Rite ,Faucet 
72091-19D74,Adams Rite ,Faucet 
72091-1D74,Adams Rite,Faucet
72091-21D102,Adams Rite ,Faucet 
72091-21D567,Adams Rite ,Faucet 
72091-21D605,Adams Rite ,Faucet 
72091-21D74,Adams Rite ,Faucet 
72091-23-D102,Adams Rite ,Faucet 
72091-23-D567,Adams Rite ,Faucet 
72091-23-D605,Adams Rite ,Faucet 
72091-23-D74,Adams Rite ,Faucet 
72091-25-D102,Adams Rite ,Faucet 
72091-25-D567,Adams Rite ,Faucet 
72091-25-D605,Adams Rite ,Faucet 
72091-25-D74,Adams Rite ,Faucet 
72091-27-D102,Adams Rite ,Faucet 
72091-27-D567,Adams Rite ,Faucet 
72091-27-D605,Adams Rite ,Faucet 
72091-27-D74,Adams Rite ,Faucet 
72091-29-D102,Adams Rite ,Faucet 
72091-29-D567,Adams Rite ,Faucet 
72091-29-D605,Adams Rite ,Faucet 
72091-29-D74,Adams Rite ,Faucet 
72091-2-D74,Adams Rite ,Faucet 
72091-3D74,Adams Rite,Faucet
72091-9D74,Adams Rite ,Faucet 
72095-1,Adams Rite,Control Module
72095-5,Adams Rite,Control Module
72095-7,Adams Rite,Control Module
72095-9,Adams Rite,Control Module
72-10-01,Safran ,Oven
72-10-01A,Safran ,Oven
721-1-000-1,Collins Aerospace,Coffee Maker
721-1-000-1B   ,Collins Aerospace,Coffee Maker
72-11-01,Safran ,Oven
72-11-01A,Safran ,Oven
72-11-11,Safran ,Oven
72-11-11A,Safran ,Oven
72136-11-D102,Adams Rite,Installation Kit
72180605      ,Collins Aerospace,Water Boiler
72180607      ,Collins Aerospace,Water Boiler
72180620      ,Collins Aerospace,Water Boiler
72180621      ,Collins Aerospace,Water Boiler
72180622      ,Collins Aerospace,Water Boiler
72180623      ,Collins Aerospace,Water Boiler
72180624      ,Collins Aerospace,Water Boiler
72180626      ,Collins Aerospace,Water Boiler
72184002B   ,Collins Aerospace,Water Boiler
72184003B   ,Collins Aerospace,Water Boiler
72184004   ,Collins Aerospace,Water Boiler
72184006   ,Collins Aerospace,Water Boiler
72184007B   ,Collins Aerospace,Water Boiler
72184008B   ,Collins Aerospace,Water Boiler
72184011B   ,Collins Aerospace,Water Boiler
72184011BVS,Collins Aerospace,Water Boiler
72184012B   ,Collins Aerospace,Water Boiler
72184013B   ,Collins Aerospace,Water Boiler
72184015B   ,Collins Aerospace,Water Boiler
72184017B   ,Collins Aerospace,Water Boiler
72184018   ,Collins Aerospace,Water Boiler
72184019,Collins Aerospace,Water Boiler
72184025   ,Collins Aerospace,Water Boiler
72320-1,Adams Rite,Hydraulic Block Assy
7505-07-0000,Safran ,Ice Container
7505-07-0000A,Safran ,Ice Container
7505-07A0000,Safran ,Ice Container
7505-09-0000,Safran ,Ice Container
7505-09-0000A,Safran ,Ice Container
7704-1-000/1,Collins Aerospace,Oven
7804-1-000/1,Collins Aerospace,Oven
7S001001,Collins Aerospace,Coffee Container
7S609054,Collins Aerospace,Mounting Rail
7S609175,Collins Aerospace,Mounting Rail
7S609767,Collins Aerospace,Oven Control Module
7S610318,Collins Aerospace,Oven Control Module
7S611004,Collins Aerospace,Oven Control Module
7S611515,Collins Aerospace,Oven Control Module
7S611527,Collins Aerospace,Oven Control Module
7S611529,Collins Aerospace,Oven Control Module
7S611530,Collins Aerospace,Oven Control Module
7S611636,Collins Aerospace,Oven Control Module
7S611911,Collins Aerospace,Oven Control Module
7S611915,Collins Aerospace,Oven Control Module
7S611994,Collins Aerospace,Oven Control Module
7S808957,Collins Aerospace,Oven Control Module
7S808959,Collins Aerospace,Oven Control Module
7S808962,Collins Aerospace,Oven Control Module
7S808982,Collins Aerospace,Oven Control Module
7YE3200A02G01,JAMCO,Light Assy
7YE3230A04G01,JAMCO,Work Light
7YE4020A03G01,JAMCO,Warming Cabinet
7YW3000A01G01,JAMCO,Faucet
7YW3000A05G02,JAMCO,Faucet
8001-01-0000  ,Safran ,Oven
8001-01-0000A,Safran ,Oven
8001-05-0000,Safran ,Oven
8001-05-0000A,Safran ,Oven
8001-05-4000,Safran ,Oven Control Module
8001-05-4000A,Safran ,Oven Control Module
8001-06-0000,Safran ,Oven
8001-06-0000A,Safran ,Oven
8001-06-0000AF,Safran ,Oven
8001-06-0000B,Safran ,Oven
8001-06-0000LH,Safran ,Oven
8001-06-0000SN,Safran ,Oven
8001-06-4000A,Safran ,Module Assy
8001-07-0000,Safran ,Oven
8001-07-0000A,Safran ,Oven
8001-07-4000,Safran ,Oven Control Module
8001-16-0000,Safran ,Oven
8001-16-0000A,Safran ,Oven
8001-16-0000B,Safran ,Oven
8001-17-0000,Safran ,Oven
8001-17-0000A,Safran ,Oven
8001-21-0000,Safran ,Oven
8001-21-0000A,Safran ,Oven
8001-21-0000A-BY,Safran ,Oven
8001-21-4000,Safran ,Oven Control Module
8001-21-4000A,Safran ,Oven Control Module
8001-22-0000,Safran ,Oven
8001-22-0000A,Safran ,Oven
8001-25-0000,Safran ,Oven
8001-25-0000A,Safran ,Oven
8001-26-0000,Safran ,Oven
8001-26-0000A,Safran ,Oven
8001-26-0000A LH,Safran ,Oven
8001-26-0000LH,Safran ,Oven
8001-27-0000,Safran ,Oven
8001-27-0000A,Safran ,Oven
8001-29-0000,Safran ,Oven
8001-29-0000A,Safran ,Oven
8001-32-0000,Safran ,Oven
8001-32-0000A,Safran ,Oven
8001-51-0000,Safran ,Oven
8001-51-0000A,Safran ,Oven
8001-71-0000,Safran ,Oven
8001-71-0000A,Safran ,Oven
8001-72-0000,Safran ,Oven
8001-72-0000A,Safran ,Oven
8001-75-0000,Safran ,Oven
8001-75-0000A,Safran ,Oven
8001-77-0000,Safran ,Oven
8001-77-0000A,Safran ,Oven
8001-79-0000,Safran ,Oven
8001-79-0000A,Safran ,Oven
8005-01,Safran ,Oven
8021-01-0000,Safran ,Oven
8021-06-0000,Safran ,Oven
8021-11-0000,Safran ,Oven
8021-16-0000,Safran ,Oven
8021-51-0000,Safran ,Oven
8021-61-0000,Safran ,Oven
8022-01-0000,Safran ,Oven
8022-01-0000A,Safran ,Oven
8022-02-0000A,Safran ,Oven
8022-51-0000,Safran ,Oven
8022-51-0000A,Safran ,Oven
8022-52-0000A,Safran ,Oven
8025-01-0000,Safran ,Oven
8025-01-0000A,Safran ,Oven
8025-02-0000,Safran ,Oven
8025-02-0000A,Safran ,Oven
8025-03-0000,Safran ,Oven
8025-03-0000A,Safran ,Oven
8025-51-0000,Safran ,Oven
8025-52-0000,Safran ,Oven
8025-53-0000,Safran ,Oven
8053-01-0000,Safran ,Oven
8053-02-0000,Safran ,Oven
8053-03-0000-00,Safran ,Steam Oven
8053-13-0000-01,Safran ,Steam Oven
8054-01-0000,Safran ,Oven
8054-03-0000,Safran ,Oven
8054-06-0000,Safran ,Oven
8054-07-0000,Safran ,Oven
8054-11-0000,Safran ,Oven
8054-16-0000,Safran ,Oven
8054-17-0000,Safran ,Oven
8054-19-0000,Safran ,Single Oven
8054-21-0000,Safran ,Oven
8054-21-0000A,Safran ,Oven
8054-26-0000-XX,Safran ,Steam Oven
8054-51-0000,Safran ,Oven
8054-53-0000,Safran ,Oven
8054-56-0000,Safran ,Oven
8054-57-0000,Safran ,Oven
8054-61-0000,Safran ,Oven
8054-66-0000,Safran ,Oven
8054-67-0000,Safran ,Oven
8054-69-0000,Safran ,Single Oven
8054-71-0000,Safran ,Oven
8054-76-0000-XX,Safran ,Steam Oven
8055-01-0000,Safran ,Oven
8055-51-0000,Safran ,Oven
806910-401,Safran ,Faucet
806910-403,Safran ,Faucet
806910-405,Safran ,Faucet
806910-407,Safran ,Faucet
808957,Collins Aerospace,Oven Control Module
808959,Collins Aerospace,Oven Control Module
808962,Collins Aerospace,Oven Control Module
808982,Collins Aerospace,Oven Control Module
8101-01-0000,Safran ,Oven
8101-01-0000C,Safran ,Oven
8101-01-4000,Safran ,Control Module
8101-01-4000-1,Safran ,Control Module
8101-01-4000B,Safran ,Control Module
8101-01-4000B1,Safran ,Control Module
8101-01-4000C,Safran ,Control Module
8101-01-4000C1,Safran ,Control Module
8101-02-0000,Safran ,Oven
8101-04-0000,Safran ,Oven
8101-07-0000,Safran ,Oven
8101-08-0000C,Safran ,Oven
8101-09-0000,Safran ,Oven
8101-11-0000,Safran ,Oven
8101-11-0000A,Safran ,Oven
8101-11-0000B,Safran ,Oven
8101-11-0000C,Safran ,Oven
8101-12-0000,Safran ,Oven
8101-12-0000A,Safran ,Oven
8101-12-0000B,Safran ,Oven
8101-13-0000,Safran ,Oven
8101-14-0000,Safran ,Oven
8101-14-0000A,Safran ,Oven
8101-14-0000B,Safran ,Oven
8101-15-0000,Safran ,Oven
8101-17-0000,Safran ,Oven
8101-17-0000A,Safran ,Oven
8101-17-0000B,Safran ,Oven
8101-18-0000,Safran ,Oven
8101-18-0000A,Safran ,Oven
8101-18-0000B,Safran ,Oven
8101-18-0000C,Safran ,Oven
8101-19-0000,Safran ,Oven
8101-19-0000A,Safran ,Oven
8101-19-0000B,Safran ,Oven
8101-21-0000B,Safran ,Oven
8101-21-0000C,Safran ,Oven
8101-22-0000B,Safran ,Oven
8101-26-0000B,Safran ,Oven
8101-26-0000C,Safran ,Oven
8101-27-0000,Safran ,Oven
8101-27-0000C,Safran ,Oven
8101-28-0000B,Safran ,Oven
8101-30-0000,Safran ,Oven
8101-30-0000-LH,Safran ,Oven
8101-61-0000B,Safran ,Oven
8101-61-0000C,Safran ,Oven
8101-66-0000B,Safran ,Oven
8101-66-0000C,Safran ,Oven
8101-71-0000B,Safran ,Oven
8101-71-0000C,Safran ,Oven
8101-76-0000B,Safran ,Oven
8101-76-0000C,Safran ,Oven
8102-01-0000,Safran ,Oven
8102-01-0000C,Safran ,Oven
8102-02-0000,Safran ,Oven
8102-02-0000C,Safran ,Oven
8102-02-0000C01,Safran ,Oven
8103-01-0000,Safran ,Oven
8103-02-0000,Safran ,Oven
8103-06-0000,Safran ,Oven
8103-07-0000,Safran ,Oven
811-1-000-1   ,Collins Aerospace,Coffee Maker
811150-415,Safran ,Coffee Maker
811150-417,Safran ,Coffee Maker
8113-02-0000,Safran ,Oven
8115-01-0000-01,Safran ,Oven
8151-11-0000A,Safran ,Oven
8151-11-0000B,Safran ,Oven
8151-21-0000B,Safran ,Oven
8151-71-0000B,Safran ,Oven
8152-02-0000,Safran ,Oven
8152-03-0000,Safran ,Oven
8152-03-0000 MOD.KL,Safran ,Oven
8153-01-0000,Safran ,Oven
8153-01-0000HV,Safran ,Oven
8153-01-0000HV-1,Safran ,Oven
8201-01-0000,Safran ,Oven
8201-01-0000RG,Safran ,Oven
8201-01-4000,Safran ,Oven Control Module
8201-01-4000A,Safran ,Oven Control Module
8201-01-4300,Safran ,Oven Control Module
8201-01-4300-01,Safran ,Oven Control Module
8201-01-4300A,Safran ,Oven Control Module
8201-02-0000,Safran ,Oven
8201-03-0000,Safran ,Oven
8201-03-4000,Safran ,Oven Control Module
8201-03-4300,Safran ,Oven Control Module
8201-03-4400-XX,Safran ,Oven Control Module
8201-04-0000,Safran ,Oven
8201-04-0000LH,Safran ,Oven
8201-04-4000,Safran ,Oven Control Module
8201-07-0000,Safran ,Oven
8201-11-0000,Safran ,Oven
8201-11-0000-01,Safran ,Oven
8201-11-0000-04,Safran ,Oven
8201-11-0000-11,Safran ,Oven
8201-11-0000-12,Safran ,Oven
8201-11-0000-15,Safran ,Oven
8201-11-0000-33,Safran ,Oven
8201-11-0000A,Safran ,Oven
8201-11-0000D,Safran ,Oven
8201-12-0000,Safran ,Oven
8201-12-0000D,Safran ,Oven
8201-13-0000,Safran ,Oven
8201-13-0000-01,Safran ,Oven
8201-13-0000-06,Safran ,Oven
8201-14-0000,Safran ,Oven
8201-14-0000LH,Safran ,Oven
8201-17-0000,Safran ,Oven
8201-30-0000-01,Safran ,Oven
8201-30-0000-11,Safran ,Oven
8201-32-0000-01,Safran ,Oven
8201-32-0000-11,Safran ,Oven
8201-33-0000-01,Safran ,Oven
8201-51-0000,Safran ,Oven
8201-51-4000,Safran ,Oven Control Module
8201-51-4000A,Safran ,Oven Control Module
8201-51-4300,Safran ,Oven Control Module
8201-52-0000,Safran ,Oven
8201-53-0000,Safran ,Oven
8201-53-4300,Safran ,Oven Control Module
8201-54-0000,Safran ,Oven
8201-57-4000,Safran ,Oven Control Module
8201-57-4300,Safran ,Oven Control Module
8201-61-0000,Safran ,Oven
8201-61-0000-01,Safran ,Oven
8201-61-0000-15,Safran ,Oven
8201-61-0000-33,Safran ,Oven
8201-61-0000A ,Safran ,Oven Control Module
8201-63-0000,Safran ,Oven
8201-64-0000,Safran ,Oven
8201-67-0000,Safran ,Oven
8201-80-0000-01,Safran ,Oven
8201-80-0000-11,Safran ,Oven
8201-83-0000-01,Safran ,Oven
8202-01-0000,Safran ,Oven
8202-01-4000,Safran ,Oven
8202-03-0000,Safran ,Oven
8202-03-0000-03,Safran ,Oven
8202-03-4000,Safran ,Oven
8202-03-4200,Safran ,Oven
8202-03-4400-00,Safran ,Oven Control Module
8202-03-4400-01,Safran ,Oven Control Module
8202-03-4400-02,Safran ,Oven Control Module
8202-03-4400-03,Safran ,Oven Control Module
8202-03-4400-04,Safran ,Oven Control Module
8202-03-4400-05,Safran ,Oven Control Module
8202-10-0000-00,Safran ,Steam Oven
8202-10-0000-01,Safran ,Steam Oven
8202-10-0000-02,Safran ,Steam Oven
8202-11-0000,Safran ,Oven
8202-11-0000-01,Safran ,Oven
8202-11-0000-03,Safran ,Oven
8202-11-4000,Safran ,Oven Control Module
8202-13-0000,Safran ,Steam Oven
8202-16-0000-00,Safran ,Oven
8202-16-0000-01,Safran ,Oven
8202-16-0000-02,Safran ,Oven
8202-16-0000-03,Safran ,Oven
8202-16-0000-04,Safran ,Oven
8202-16-0000-11,Safran ,Oven
8202-16-0000-18,Safran ,Oven
8202-16-4400-10,Safran ,Oven Control Module
8202-16-4400-11,Safran ,Oven Control Module
8202-51-0000,Safran ,Oven
8202-53-0000,Safran ,Oven
8202-61-0000,Safran ,Oven
8202-61-0000-01,Safran ,Oven
8202-61-0000-03,Safran ,Oven
8202-63-0000,Safran ,Steam Oven
8202-66-0000-00,Safran ,Oven
8202-66-0000-01,Safran ,Oven
8202-66-0000-02,Safran ,Oven
8202-66-0000-03,Safran ,Oven
8202-66-0000-04,Safran ,Oven
8202-66-0000-11,Safran ,Oven
8202-66-0000-18,Safran ,Oven
8203-01-0000,Safran ,Oven
8203-02-0000,Safran ,Oven
8203-11-0000,Safran ,Oven
8203-11-0000-01,Safran ,Oven
8203-11-0000-12,Safran ,Oven
8203-11-0000-16,Safran ,Oven
8203-11-0000A,Safran ,Oven
8203-11-0000D,Safran ,Oven
8203-11-0000HF,Safran ,Oven
8203-12-0000,Safran ,Oven
8203-12-0000-01,Safran ,Oven
8203-12-0000-16,Safran ,Oven
8203-12-0000C,Safran ,Oven
8203-12-0000D,Safran ,Oven
8203-17-0000,Safran ,Oven
8203-51-0000,Safran ,Oven
8203-52-0000,Safran ,Oven
8203-53-4000,Safran ,Oven Control Module
8203-61-0000,Safran ,Oven
8203-61-0000-01,Safran ,Oven
8203-62-0000,Safran ,Oven
8203-63-0000C,Safran ,Oven
8203-67-0000,Safran ,Oven
8204-11-0000,Safran ,Steam Oven
8204-11-0000-01,Safran ,Steam Oven
8204-16-0000-01,Safran ,Oven
8204-61-0000,Safran ,Steam Oven
8204-66-0000-01,Safran ,Oven
8251-01-0000,Safran ,Oven
8251-51-0000,Safran ,Oven
8301-01-0000-01,Safran ,Convection Oven
8301-03-0000-01,Safran ,Convection Oven
8301-06-0000-01,Safran ,Convection Oven
8301-51-0000-01,Safran ,Convection Oven
8301-53-0000-01,Safran ,Convection Oven
8301-56-0000-01,Safran ,Convection Oven
8302-01-0000-01,Safran ,Steam Oven
8302-06-0000-01,Safran ,Steam Oven
8302-51-0000-01,Safran ,Steam Oven
8302-56-0000-01,Safran ,Steam Oven
8303-01-0000-01,Safran ,Extended Oven
8303-04-0000-01,Safran ,Extended Oven
8303-06-0000-01,Safran ,Extended Oven
8303-06-0000-02,Safran ,Extended Oven
8303-51-0000-01,Safran ,Extended Oven
8303-54-0000-01,Safran ,Extended Oven
8303-56-0000-01,Safran ,Extended Oven
8303-56-0000-02,Safran ,Extended Oven
8304-01-0000-01,Safran ,Extended Oven
8304-51-0000-01,Safran ,Extended Oven
8305-01-0000-01,Safran ,Convection Oven
8305-06-0000-01,Safran ,Convection Oven
8305-51-0000-01,Safran ,Convection Oven
8305-56-0000-01,Safran ,Convection Oven
8306-01-0000-01,Safran ,Steam Oven
8306-51-0000-01,Safran ,Steam Oven
8307-01-0000-01,Safran ,Extended Oven
8307-06-0000-01,Safran ,Extended Oven
8307-06-0000-02,Safran ,Extended Oven
8307-51-0000-01,Safran ,Extended Oven
8307-56-0000-01,Safran ,Extended Oven
8307-56-0000-02,Safran ,Extended Oven
8308-01-0000-01,Safran ,Extended Oven
8308-51-0000-01,Safran ,Extended Oven
838550-401,Safran ,Oven
838550-403,Safran ,Oven
8401-01-0000,Safran ,Oven
8401-51-0000,Safran ,Oven
8547-01-0000,Safran ,Warming Compartment
8602-03-0000,Safran ,Oven
8602-04-0000,Safran ,Oven
8602-05-0000,Safran ,Oven
8602-06-0000,Safran ,Oven
8602-13-0000,Safran ,Oven
8602-14-0000,Safran ,Oven
8602-15-0000,Safran ,Oven
8602-16-0000,Safran ,Oven
8609-01-0000,Safran ,Oven
8609-02-0000,Safran ,Oven
8653-01-0000,Safran ,Oven
8653-02-0000,Safran ,Oven
8671-01-0000-00,Safran ,Oven
870130-401,Safran ,Coffee Maker
870130-403,Safran ,Coffee Maker
870130-411,Safran ,Coffee Maker
870130-413,Safran ,Coffee Maker
870130-415,Safran ,Coffee Maker
870130-417,Safran ,Coffee Maker
870130-419,Safran ,Coffee Maker
870130-421,Safran ,Coffee Maker
8704-1-000/1,Collins Aerospace,Oven
8803-01-0000,Safran ,Oven
8803-02-0000,Safran ,Oven
8803-51-0000,Safran ,Oven
8803-52-0000,Safran ,Oven
8804-1-000/1,Collins Aerospace,Oven
8916-01-0000,Safran ,Food Warmer
8921082G1,Goodrich,Toilet Water Heater
8921082G2,Goodrich,Toilet Water Heater
8921082G5,Goodrich,Toilet Water Heater
8921082G6,Goodrich,Toilet Water Heater
8921340G1,Goodrich,Toilet Water Heater
8921460G3,Goodrich,Toilet Water Heater
8921460G4,Goodrich,Toilet Water Heater
8921460G5,Goodrich,Toilet Water Heater
8921460G6,Goodrich,Toilet Water Heater
8922-01-0000,Safran ,Bun Warmer
8922-10-0000-01,Safran ,Bun Warmer
8922-11-0000-10,Safran ,Bun Warmer
8922-12-0000-01,Safran ,Bun Warmer
8930-01-0000-01,Safran ,Bun Warmer
8930-51-0000-01,Safran ,Bun Warmer
9001-01-0000-01,Safran ,Coffee Maker
9002-01-0000-01,Safran ,Coffee Maker
9201-01-0000-01,Safran ,Beverage Maker
9202-01-0000-01,Safran ,Beverage Maker
921-1-000-1  ,Collins Aerospace,Coffee Maker
9681-1032-1,Adams Rite,Spigot Assy
9681-1032-3,Adams Rite,Spigot Assy
9681-1033-1,Adams Rite,Spigot Assy
9681-1033-3,Adams Rite,Spigot Assy
9693-1-1,Adams Rite,Spigot
9693-11-1,Adams Rite,Spigot
9693-11-3,Adams Rite,Spigot
9693-1-3,Adams Rite,Spigot
9693-13-1,Adams Rite,Spigot
9693-13-3,Adams Rite,Spigot
9693-15-1,Adams Rite,Spigot
9693-15-3,Adams Rite,Spigot
9693-17-1,Adams Rite,Spigot
9693-17-3,Adams Rite,Spigot
9693-19-1,Adams Rite,Spigot
9693-19-3,Adams Rite,Spigot
9693-21-1,Adams Rite,Spigot
9693-21-3,Adams Rite,Spigot
9693-23-1,Adams Rite,Spigot
9693-23-3,Adams Rite,Spigot
9693-3-1,Adams Rite,Spigot
9693-3-3,Adams Rite,Spigot
9693-5-1,Adams Rite,Spigot
9693-5-3,Adams Rite,Spigot
9693-7-1,Adams Rite,Spigot
9693-7-3,Adams Rite,Spigot
9693-9-1,Adams Rite,Spigot
9693-9-3,Adams Rite,Spigot
9696-1030-1,Adams Rite,Faucet
9696-1030-3,Adams Rite,Faucet
9696-1-1,Adams Rite,Faucet
9696-1-3,Adams Rite,Faucet
9696-3-1,Adams Rite,Faucet
9696-3-3,Adams Rite,Faucet
9696-5-1,Adams Rite,Faucet
9696-5-3,Adams Rite,Faucet
9696-7-1,Adams Rite,Faucet
9719-1,Adams Rite,Faucet Assembly
9719-3,Adams Rite,Faucet Assembly
9756-11,Adams Rite,Faucet
9756-1-1,Adams Rite,Faucet
9756-11-1,Adams Rite,Faucet
9756-11-3,Adams Rite,Faucet
9756-1-3,Adams Rite,Faucet
9756-15-1,Adams Rite,Faucet
9756-15-3,Adams Rite,Faucet
9756-17-1,Adams Rite,Faucet
9756-17-3,Adams Rite,Faucet
9756-19-1,Adams Rite,Faucet
9756-19-3,Adams Rite,Faucet
9756-21,Adams Rite,Faucet
9756-25,Adams Rite,Faucet
9756-27,Adams Rite,Faucet
9756-29,Adams Rite,Faucet
9756-3,Adams Rite,Faucet
9756-31,Adams Rite,Faucet
9756-3-1,Adams Rite,Faucet
9756-3-3,Adams Rite,Faucet
9756-7,Adams Rite,Faucet
9756-7-1,Adams Rite,Faucet
9756-7-3,Adams Rite,Faucet
9756-9,Adams Rite,Faucet
9756-9-1,Adams Rite,Faucet
9756-9-3,Adams Rite,Faucet
9810-101,Adams Rite,Faucet
9810-103,Adams Rite,Faucet
9810-11,Adams Rite,Faucet
9810-13,Adams Rite,Faucet
9810-21,Adams Rite,Faucet
9810-23,Adams Rite,Faucet
9810-25,Adams Rite,Faucet
9810-27,Adams Rite,Faucet
9810-29,Adams Rite,Faucet
9810-3,Adams Rite,Faucet
9810-31,Adams Rite,Faucet
9810-5,Adams Rite,Faucet
9810-7,Adams Rite,Faucet
9810-9,Adams Rite,Faucet
9819-101,Adams Rite,Faucet
9819-3,Adams Rite,Faucet
9823,Adams Rite,Faucet
9823-3,Adams Rite,Faucet
9823-5,Adams Rite,Faucet
9824-3,Adams Rite,Faucet
9824-5,Adams Rite,Faucet
9834,Adams Rite,Faucet & Drain
9834-100,Adams Rite,Faucet
9834-1100,Adams Rite,Faucet
9834-1300,Adams Rite,Faucet
9834-1500,Adams Rite,Faucet
9834-1700,Adams Rite,Faucet
9834-21,Adams Rite,Faucet & Drain Assy
9834-23,Adams Rite,Faucet & Drain Assy
9834-25,Adams Rite,Faucet & Drain Assy
9834-3,Adams Rite,Faucet & Drain Assy
9834-300,Adams Rite,Faucet
9834-5,Adams Rite,Faucet & Drain Assy
9834-500,Adams Rite,Faucet
9834-7,Adams Rite,Faucet & Drain Assy
9834-700,Adams Rite,Faucet
9834-9,Adams Rite,Faucet & Drain Assy
9834-900,Adams Rite,Faucet
A23078,AIM Aviation ( Henshall ),Urn
A286-1,JAMCO,Microwave Oven
A286-101,JAMCO,Microwave Oven
A286-11,JAMCO,Microwave Oven
AR2529-1,Adams Rite,Lock Assembly
AR2529-3,Adams Rite,Lock Assembly
AR2529B-1,Adams Rite,Lock Assembly
AR2529B-3,Adams Rite,Lock Assembly
AR2590-1,Adams Rite,Latch Assy
AR2590-3,Adams Rite,Latch Assy
AR2590-B1,Adams Rite,Latch Assy
AR2590-B3,Adams Rite,Latch Assy
AR4701-1,Adams Rite,Door Strike
AR4701-13,Adams Rite,Door Strike
AR4701-15,Adams Rite,Door Strike
AR4701-17,Adams Rite,Door Strike
AR4701-3,Adams Rite,Door Strike
AR4701-5,Adams Rite,Door Strike
AR4704-1,Adams Rite,Door Strike
AR4704-2,Adams Rite,Door Strike
AR4704-5,Adams Rite,Door Strike
AR4704-6,Adams Rite,Door Strike
AR4706-1,Adams Rite,Cockpit Door Bolting System
AR4706-11,Adams Rite,Cockpit Door Bolting System
AR4706-2,Adams Rite,Cockpit Door Bolting System
AR4706-3,Adams Rite,Cockpit Door Bolting System
AR4706-4,Adams Rite,Cockpit Door Bolting System
AR4706-5,Adams Rite,Cockpit Door Bolting System
AR4706-7,Adams Rite,Cockpit Door Bolting System
AR4706-9,Adams Rite,Cockpit Door Bolting System
AR4708-1,Adams Rite,Door Strike
AR4708-3,Adams Rite,Door Strike
AR4708-5,Adams Rite,Door Strike
AR4708-7,Adams Rite,Door Strike
AR4714-1,Adams Rite,Door Strike
AR4714-11,Adams Rite,Door Strike
AR4714-201,Adams Rite,Door Strike
AR4714-203,Adams Rite,Door Strike
AR4714-3,Adams Rite,Door Strike
AR4714-7,Adams Rite,Door Strike
AR4714-9,Adams Rite,Door Strike
AR4715-1,Adams Rite,Centre Latch Assembly
AR4715-11,Adams Rite,Centre Latch Assembly
AR4715-2,Adams Rite,Centre Latch Assembly
AR4715-3,Adams Rite,Centre Latch Assembly
AR4715-5,Adams Rite,Centre Latch Assembly
AR4715-7,Adams Rite,Centre Latch Assembly
AR4715-9,Adams Rite,Centre Latch Assembly
AR4716-11,Adams Rite,Cockpit Door Bolting System
AR4716-9,Adams Rite,Cockpit Door Bolting System
AR4726-1,Adams Rite,Door Strike
AR4726-5,Adams Rite,Door Strike
AR4753-1,Adams Rite,Bolting System
AR4753-2,Adams Rite,Bolting System
AR4753-3,Adams Rite,Bolting System
AR4753-6,Adams Rite,Bolting System
AR4753-7,Adams Rite,Bolting System
AR4753-8,Adams Rite,Bolting System
AR4754-1,Adams Rite,Centre Latch Assembly
AR4754-2,Adams Rite,Centre Latch Assembly
AR4754-3,Adams Rite,Centre Latch Assembly
AR4754-5,Adams Rite,Centre Latch Assembly
AR4754-6,Adams Rite,Centre Latch Assembly
AR4754-7,Adams Rite,Centre Latch Assembly
AR4756-1,Adams Rite,Door Strike
AR4756-3,Adams Rite,Door Strike
AR4956-1,Adams Rite,Door Strike
AR70280-1,Adams Rite,Hydraulic Block Assy
AR70280-11,Adams Rite,Hydraulic Block Assy
AR70280-13,Adams Rite,Hydraulic Block Assy
AR70280-15,Adams Rite,Hydraulic Block Assy
AR70280-3,Adams Rite,Hydraulic Block Assy
AR70280-5,Adams Rite,Hydraulic Block Assy
AR70280-7,Adams Rite,Hydraulic Block Assy
AR70280-9,Adams Rite,Hydraulic Block Assy
AR9012-3D1D30,Adams Rite,Faucet Assembly
AR9012-3D1D544,Adams Rite,Faucet Assembly
AR9012-3D1D74,Adams Rite,Faucet Assembly
AR9012-3D3D30,Adams Rite,Faucet Assembly
AR9012-3D3D544,Adams Rite,Faucet Assembly
AR9012-3D3D74,Adams Rite,Faucet Assembly
AR9012-3D5D492,Adams Rite,Faucet Assembly
AR9013-11W1D102,Adams Rite ,Faucet Assembly
AR9013-11W1D567,Adams Rite ,Faucet Assembly
AR9013-11W1D605,Adams Rite ,Faucet Assembly
AR9013-11W1D74,Adams Rite ,Faucet Assembly
AR9013-11W2D102,Adams Rite ,Faucet Assembly
AR9013-11W2D567,Adams Rite ,Faucet Assembly
AR9013-11W2D605,Adams Rite ,Faucet Assembly
AR9013-11W2D74,Adams Rite ,Faucet Assembly
AR9013-11W3D102,Adams Rite ,Faucet Assembly
AR9013-11W3D567,Adams Rite ,Faucet Assembly
AR9013-11W3D605,Adams Rite ,Faucet Assembly
AR9013-11W3D74,Adams Rite ,Faucet Assembly
AR9013-11W4D102,Adams Rite ,Faucet Assembly
AR9013-11W4D567,Adams Rite ,Faucet Assembly
AR9013-11W4D605,Adams Rite ,Faucet Assembly
AR9013-11W4D74,Adams Rite ,Faucet Assembly
AR9013-3W1D102,Adams Rite ,Faucet Assembly
AR9013-3W1D567,Adams Rite ,Faucet Assembly
AR9013-3W1D605,Adams Rite ,Faucet Assembly
AR9013-3W1D74,Adams Rite ,Faucet Assembly
AR9013-3W2D102,Adams Rite ,Faucet Assembly
AR9013-3W2D567,Adams Rite ,Faucet Assembly
AR9013-3W2D605,Adams Rite ,Faucet Assembly
AR9013-3W2D74,Adams Rite ,Faucet Assembly
AR9013-3W3D102,Adams Rite ,Faucet Assembly
AR9013-3W3D567,Adams Rite ,Faucet Assembly
AR9013-3W3D605,Adams Rite ,Faucet Assembly
AR9013-3W3D74,Adams Rite ,Faucet Assembly
AR9013-3W4D102,Adams Rite ,Faucet Assembly
AR9013-3W4D567,Adams Rite ,Faucet Assembly
AR9013-3W4D605,Adams Rite ,Faucet Assembly
AR9013-3W4D74,Adams Rite ,Faucet Assembly
AR9013-5W1D102,Adams Rite ,Faucet Assembly
AR9013-5W1D567,Adams Rite ,Faucet Assembly
AR9013-5W1D605,Adams Rite ,Faucet Assembly
AR9013-5W1D74,Adams Rite ,Faucet Assembly
AR9013-5W2D102,Adams Rite ,Faucet Assembly
AR9013-5W2D567,Adams Rite ,Faucet Assembly
AR9013-5W2D605,Adams Rite ,Faucet Assembly
AR9013-5W2D74,Adams Rite ,Faucet Assembly
AR9013-5W3D102,Adams Rite ,Faucet Assembly
AR9013-5W3D567,Adams Rite ,Faucet Assembly
AR9013-5W3D605,Adams Rite ,Faucet Assembly
AR9013-5W3D74,Adams Rite ,Faucet Assembly
AR9013-5W4D102,Adams Rite ,Faucet Assembly
AR9013-5W4D567,Adams Rite ,Faucet Assembly
AR9013-5W4D605,Adams Rite ,Faucet Assembly
AR9013-5W4D74,Adams Rite ,Faucet Assembly
AR9013-7W1D102,Adams Rite ,Faucet Assembly
AR9013-7W1D567,Adams Rite ,Faucet Assembly
AR9013-7W1D605,Adams Rite ,Faucet Assembly
AR9013-7W1D74,Adams Rite ,Faucet Assembly
AR9013-7W2D102,Adams Rite ,Faucet Assembly
AR9013-7W2D567,Adams Rite ,Faucet Assembly
AR9013-7W2D605,Adams Rite ,Faucet Assembly
AR9013-7W2D74,Adams Rite ,Faucet Assembly
AR9013-9W1D102,Adams Rite ,Faucet Assembly
AR9013-9W1D567,Adams Rite ,Faucet Assembly
AR9013-9W1D605,Adams Rite ,Faucet Assembly
AR9013-9W1D74,Adams Rite ,Faucet Assembly
AR9013-9W2D102,Adams Rite ,Faucet Assembly
AR9013-9W2D567,Adams Rite ,Faucet Assembly
AR9013-9W2D605,Adams Rite ,Faucet Assembly
AR9013-9W2D74,Adams Rite ,Faucet Assembly
AR9030-1D27D102,Adams Rite,Faucet
AR9030-1D5D492,Adams Rite,Faucet Assembly
AR9030-3D11D492,Adams Rite ,Faucet
AR9030-3D1D492,Adams Rite,Faucet
AR9030-3D23D492,Adams Rite,Faucet
AR9030-3D25D102,Adams Rite,Faucet
AR9030-3D25D492,Adams Rite,Faucet
AR9030-3D27D492,Adams Rite,Faucet
AR9030-3D3D492,Adams Rite,Faucet
AR9030-3D5D492,Adams Rite,Faucet
AR9030-3D7D492,Adams Rite,Faucet
AR9030-3D9D102,Adams Rite,Faucet
AR9030-3D9D376,Adams Rite,Faucet
AR9030-3D9D492,Adams Rite,Faucet
AR9031-3D74,Adams Rite,Drain Valve Assembly
AR9042-11,Adams Rite,Water Heater
AR9042-3,Adams Rite,Water Heater
AR9127-3W13D492,Adams Rite,Faucet Assembly
AR9127-3W15D492,Adams Rite,Faucet Assembly
AR9127-3W15D819,Adams Rite,Faucet Assembly
AR9127-3W17D492,Adams Rite,Faucet Assembly
AR9127-3W19D549,Adams Rite,Faucet Assembly
AR9127-3W1D102,Adams Rite,Faucet Assembly
AR9127-3W1D492,Adams Rite,Faucet Assembly
AR9127-3W1D549,Adams Rite,Faucet Assembly
AR9127-3W21D492,Adams Rite,Faucet Assembly
AR9127-3W3D102,Adams Rite,Faucet Assembly
AR9127-3W3D492,Adams Rite,Faucet Assembly
AR9127-3W5D102,Adams Rite,Faucet Assembly
AR9127-3W5D492,Adams Rite,Faucet Assembly
AR9127-3W7D102,Adams Rite,Faucet Assembly
AR9127-3W7D492,Adams Rite,Faucet Assembly
AR9127-3W9D102,Adams Rite,Faucet Assembly
AR9127-3W9D492,Adams Rite,Faucet Assembly
AR9262-3W11DXXX,Adams Rite,Faucet Assembly
AR9262-3W12DXXX,Adams Rite,Faucet Assembly
AR9262-3W13DXXX,Adams Rite,Faucet Assembly
AR9262-3W1DXXX,Adams Rite,Faucet Assembly
AR9262-3W31DXXX,Adams Rite,Faucet Assembly
AR9262-5W12DXXX,Adams Rite,Faucet Assembly
AR9361-1D102,Adams Rite,Drain Valve Assy
AR9472-3W1D492,Adams Rite,Wall Mounted timed Faucet Assy
AR9480-1D492,Adams Rite,Sink Drain Assy
AR9840-3W12D544,Adams Rite,Electric Faucet Assembly
AR9840-3W12D74,Adams Rite,Electric Faucet Assembly
AR9840-3W31D544,Adams Rite,Electric Faucet Assembly
AR9840-3W31D74,Adams Rite,Electric Faucet Assembly
AR9840-5W11D544,Adams Rite,Electric Faucet Assembly
AR9840-5W12D544,Adams Rite,Electric Faucet Assembly
AR9840-5W13D544,Adams Rite,Electric Faucet Assembly
AR9840-5W31D544,Adams Rite,Electric Faucet Assembly
B004A760-1,JAMCO,Light Assy
C11116-061,Safran ,Warming Oven
C11162-017,Safran ,Oven Control Module
C11162-017-001,Safran ,Control Module
C11162-017-003,Safran ,Control Module
D01242544-M,Safran ,Hot Cup
D10120-100,MAPCO,Urn
D10120-110,MAPCO,Urn
D10120-120,MAPCO,Urn
D10120-20,MAPCO,Urn
D10120-200-20,MAPCO,Urn
D10120-200-30,MAPCO,Urn
D10120-200-40,MAPCO,Urn
D10120-30,MAPCO,Urn
D10120-30A,MAPCO,Urn
D10120-40,MAPCO,Urn
D10120-50,MAPCO,Urn
D10120-60,MAPCO,Urn
D10120-70,MAPCO,Urn
D10120-80,MAPCO,Urn
D10120-90,MAPCO,Urn
D10134-20,MAPCO,Urn
D10134-30,MAPCO,Urn
D10134-40,MAPCO,Urn
D10134-50,MAPCO,Urn
D10139-20,MAPCO,Liquid Container
D10139A-20,MAPCO,Liquid Container
D10605-20,MAPCO,Urn
D10605-30,MAPCO,Urn
D10605-40,MAPCO,Urn
D11018-10,MAPCO,Oven
D11018-20,MAPCO,Oven
D11018C-10,MAPCO,Oven
D11018C-20,MAPCO,Oven
D11659-10,MAPCO,Warming Oven
D11659-20,MAPCO,Warming Oven
D11659-30,MAPCO,Warming Oven
D11674-10,MAPCO,Oven
D11674-20,MAPCO,Oven
D11703-10,MAPCO,Oven
D11703-20,MAPCO,Oven
D11752-20,MAPCO,Liquid Container
D12061-10,MAPCO,Urn
D12170-20,MAPCO,Liquid Container
D61501-10,Collins Aerospace,Oven
D61501-20,Collins Aerospace,Oven
D61501-30,Collins Aerospace,Oven
D61501-40,Collins Aerospace,Oven
DLH 105,Safran ,Hot Jug
DLH 105-057,Safran ,Hot Cup
DLH 105-069,Safran ,Hot Cup
DLH 105-082,Safran ,Hot Jug
DLH 105-089,Safran ,Cold Jug
DLH 105-157,Safran ,Hot Cup
DLH 105-171,Safran ,Hot Jug
DLH 105-172,Safran ,Hot Cup
DLH 105-196,Safran ,Hot Cup
DLH 1175-006,Safran ,Hot Cup
DLH 135,Safran ,Hot Cup
DLH 135-3,Safran ,Hot Cup
DLH 141-057,Safran ,Hot Cup
DLH 141-066,Safran ,Hot Cup
DLH 141-075,Safran ,Hot Cup
DLH 1834,Safran ,Combo Water Boiler
DLH 294,Safran ,Container Atlas
DLH 549-005,Safran ,Hot Cup
DLH 549-017,Safran ,Hot Cup
DLH 549-025,Safran ,Hot Cup
DLH 581,Safran ,Hot Cup
DLH105-211,Safran ,Hot Cup
DLH105-212,Safran ,Hot Cup
E11611-10,MAPCO,Liq Cont-Warming Oven
E11611-20,MAPCO,Liq Cont-Warming Oven
E60422-10,Collins Aerospace,Oven
E60422-20,Collins Aerospace,Oven
E60422-30,Collins Aerospace,Oven
E60422-40,Collins Aerospace,Oven
E60422-50,Collins Aerospace,Oven
E60422-60,Collins Aerospace,Oven
E60422-70,Collins Aerospace,Oven
HC1-G-M,Safran ,Hot Cup
HC1-H-1,Safran ,Hot Cup
HC1-H-1-1,Safran ,Hot Cup
HC1-H-1-1-M,Safran ,Hot Cup
HC1-H-1-M,Safran ,Hot Cup
HC2-K-1,Safran ,Hot Cup
HC2-K-1-M,Safran ,Hot Cup
HE61050MOD3,Safran ,Oven
HE61056,Safran ,Oven
HE61056ISS6MOD3,Safran ,Oven
HE61056MOD3ISS3,Safran ,Oven
HE61058,Safran ,Oven
HE61058-1,Safran ,Oven
HE61070,Safran ,Oven
HE61070-5,Safran ,Oven
HE61070-6,Safran ,Oven
HE61070-7,Safran ,Oven
HE61070-8,Safran ,Oven
HE61070-9,Safran ,Oven
HE61070MOD1,Safran ,Oven
HE61070MOD2,Safran ,Oven
HE61070MOD2ISS1,Safran ,Oven
HE61070MOD4,Safran ,Oven
HE61090-1,Safran ,Oven
HE61090MOD2,Safran ,Oven
HE61090MOD3,Safran ,Oven
HE62001,Safran ,Water Boiler
HE62041,Safran ,Water Boiler
HE62160,Safran ,Water Boiler
HE62161,Safran ,Water Boiler
HE62172,Safran ,Water Boiler
HE62181,Safran ,Water Boiler
HE62190,Safran ,Water Boiler
HE62190MOD1,Safran ,Water Boiler
HE62190MOD2,Safran ,Water Boiler
HE62190MOD2ISS1,Safran ,Water Boiler
HE62190MOD2ISS1A,Safran ,Water Boiler
HE62190MOD2ISS1B,Safran ,Water Boiler
HE62190MOD2ISS2A,Safran ,Water Boiler
HE62190MOD2ISS2B,Safran ,Water Boiler
HE62191,Safran ,Water Boiler
HE62191BMOD1ISS1B,Safran ,Water Heater
HE62191MOD1ISS1B,Safran ,Water Heater
HE62212,Safran ,Water Boiler
HE62212-1,Safran ,Rapid Water Boiler
HE62212-10,Safran ,Rapid Water Boiler
HE62212-3,Safran ,Rapid Water Boiler
HE62212-30,Safran ,Rapid Water Boiler
HE62212-5,Safran ,Rapid Water Boiler
HE62212MOD1ISS1A,Safran ,Rapid Water Boiler
HE62216,Safran ,Water Boiler
HE64100-1,Safran ,Oven Control Module
HE64102,Safran ,Oven Control Module
HE64102/1,Safran ,Oven Control Module
HE64102-1,Safran ,Oven Control Module
HE67051MOD1,Safran ,Oven
HE67053,Safran ,Oven
HE67054MOD4,Safran ,Oven
HE67058,Safran ,Oven
HE67058-1,Safran ,Oven
HE67082,Safran ,Oven
HE67083,Safran ,Oven
HE67085,Safran ,Oven
HE67086,Safran ,Oven
HE67087,Safran ,Oven
HE67087-10,Safran ,Oven
HE67087-5,Safran ,Oven
HE67087-6,Safran ,Oven
HE67087-7,Safran ,Oven
HE67087-8,Safran ,Oven
HE67087-9,Safran ,Oven
HE67087MOD1 ,Safran ,Oven
HE67087MOD2,Safran ,Oven
HE67087MOD4,Safran ,Oven
HE67087MOD4ISS1,Safran ,Oven
HE67087MOD4ISS2,Safran ,Oven
HE67087MOD6,Safran ,Oven
HE67088,Safran ,Oven
HE67088-9,Safran ,Oven
HE67088MOD2,Safran ,Oven
HE67088MOD4,Safran ,Oven
HE67088MOD4ISS1,Safran ,Oven
HE67088MOD4ISS2,Safran ,Oven
HE67182,Safran ,Oven
HE67183,Safran ,Oven
HE67190MOD2,Safran ,Oven
HE67250MOD1,Safran ,Oven
HE67251,Safran ,Oven
HE71050,Safran ,Toilet Water Heater
HE71050MOD1,Safran ,Toilet Water Heater
HE71053,Safran ,Toilet Water Heater
HE71053MOD1,Safran ,Toilet Water Heater
HE71053RJ,Safran ,Toilet Water Heater
HFA2000,Iacobucci SPA,Coffee Maker
HFA2000-10,Iacobucci SPA,Coffee Maker
HFE2005-10,Iacobucci SPA,Espresso Maker
HFE2005-20,Iacobucci SPA,Espresso Maker
HFE2005-30,Iacobucci SPA,Espresso Maker
HFE2005-50,Iacobucci SPA,Espresso Maker
HFE95-20D,Iacobucci SPA,Coffee Maker
HFE95-20D-01,Iacobucci SPA,Coffee Maker
HFE95-20D10,Iacobucci SPA,Coffee Maker
HFWF2003-01,Iacobucci SPA,Trash Compactor
HFWF2003-02,Iacobucci SPA,Trash Compactor
HFWF2007-01,Iacobucci SPA,Trash Compactor
HFWF2007-0101,Iacobucci SPA,Trash Compactor
HFWF2007-0102,Iacobucci SPA,Trash Compactor
HFWF2007-0103,Iacobucci SPA,Trash Compactor
HFWF2007-0104,Iacobucci SPA,Trash Compactor
HJ-H ,Safran ,Hot Cup
HJ-N-1 ,Safran ,Hot Jug
HJ-N-1-H-M,Safran ,Hot Jug
HJ-N-1-M,Safran ,Hot Jug
HO3366MK5,Safran ,Hot Cup
HO3368MK5,Safran ,Hot Cup
JA003022,Safran ,Urn
JA005001,Safran ,Urn
JA007001,Safran ,Hot Jug
JA014002,Safran ,Urn
JA018003,Safran ,Urn
JA018016,Safran ,Hot Jug
JA018019,Safran ,Hot Jug
JA020001,Safran ,Urn
JA020003,Safran ,Urn
JA021001,Safran ,Hot Cup
JA021006,Safran ,Urn
JA021009,Safran ,Hot Jug
JA023001,Safran ,Urn
JA023002,Safran ,Urn
JA023005,Safran ,Hot Cup
JA023006,Safran ,Urn
JA023009,Safran ,Hot Cup
JA033001,Safran ,Urn
JA042001,Safran ,Urn
JD001001,Safran ,Hot Cup
JD004005,Safran ,Hot Cup
JD004006,Safran ,Hot Cup
JD010002,Safran ,Hot Cup
JD013001,Safran ,Hot Cup
JD016002,Safran ,Urn
JD016006,Safran ,Hot Cup
JD025001,Safran ,Hot Cup
JD034001,Safran ,Hot Cup
JD034006,Safran ,Hot Cup
JF002002,Safran ,Combo Water Boiler 
JF003001,Safran ,Combo Water Boiler
JH003001,Safran ,Combo Water Boiler
JMS2102-12-1,JAMCO,Work Light
L13471,Safran ,Water Boiler
L13471-02,Safran ,Water Boiler
L13471-03,Safran ,Water Boiler
L13471-04,Safran ,Water Boiler
L13471-05,Safran ,Water Boiler
L13471-05.1,Safran ,Water Boiler
L13471-07,Safran ,Water Boiler
L13471-08,Safran ,Water Boiler
L13471-10M,Safran ,Water Boiler
L13471-11,Safran ,Water Boiler
L13471-12,Safran ,Water Boiler
L13471-12M,Safran ,Rapid Water Heater
L13471-12M-RYAN,Safran ,Rapid Water Heater
L13471-13,Safran ,Rapid Water Heater
L13471-14,Safran ,Water Boiler
L13471-15,Safran ,Water Boiler
L13471-16,Safran ,Water Boiler
L13471-18,Safran ,Water Boiler
L13471-19,Safran ,Water Boiler
L13471-20,Safran ,Water Boiler
L13471-22,Safran ,Water Boiler
L13471-24,Safran ,Water Boiler
L13471-25,Safran ,Rapid Water Heater
L13471-25-CA,Safran ,Rapid Water Heater
L13471-25-CSA,Safran ,Rapid Water Heater
L13471-25-CSWA,Safran ,Rapid Water Heater
L13471-25-CYNA,Safran ,Rapid Water Heater
L13471-25M,Safran ,Rapid Water Heater
L13471-26,Safran ,Water Boiler
L13471-27,Safran ,Water Boiler
L13471-28,Safran ,Water Boiler
L13471-29,Safran ,Water Boiler
L13471-32,Safran ,Water Boiler
L13471-33,Safran ,Water Boiler
L13471-40,Safran ,Water Boiler
L13471-41,Safran ,Rapid Water Heater
L13471-52,Safran ,Rapid Water Heater
L13471-53,Safran ,Water Boiler
L17502,Safran ,Hot Jug
L17502-01,Safran ,Hot Jug
L17502-02,Safran ,Hot Jug
L17704-01,Safran ,Hot Cup
L17704-02,Safran ,Hot Cup
L17705-01,Safran ,Hot Cup
L17705-05,Safran ,Hot Cup
L18303,Safran ,Hot Cup
L18303-01-M,Safran ,Hot Cup
L19003-15,Safran ,Water Heater
L19008-03,Safran ,Urn
M2528-A1,Collins Aerospace,Oven
M2529-A1,Collins Aerospace,Oven
R002-101,JAMCO,Faucet
R002-111,JAMCO,Faucet
R002-31,JAMCO,Faucet 
RGS3010,Adams Rite,Faucet
S422W003-201A,Adams Rite,Latch Assy
S422W003-201C,Adams Rite,Latch Assy
S422W003-201G,Adams Rite,Latch Assy
S422W003-202A,Adams Rite,Latch Assy
S422W003-202C,Adams Rite,Latch Assy
S422W003-202G,Adams Rite,Latch Assy
S422W003-203A,Adams Rite,Latch Assy
S422W003-203C,Adams Rite,Latch Assy
S422W003-203G,Adams Rite,Latch Assy
S422W003-204A,Adams Rite,Latch Assy
S422W003-204C,Adams Rite,Latch Assy
S422W003-204G,Adams Rite,Latch Assy
S422W003-205A,Adams Rite,Latch Assy
S422W003-205C,Adams Rite,Latch Assy
S422W003-205G,Adams Rite,Latch Assy
S422W003-206A,Adams Rite,Latch Assy
S422W003-206C,Adams Rite,Latch Assy
S422W003-206G,Adams Rite,Latch Assy
S422W003-213D,Adams Rite,Latch Assy
S422W003-213G,Adams Rite,Latch Assy
S422W003-215D,Adams Rite,Latch Assy
S422W003-215G,Adams Rite,Latch Assy
S422W003-217D,Adams Rite,Latch Assy
S422W003-217G,Adams Rite,Latch Assy
S422W003-219D,Adams Rite,Latch Assy
S422W003-219G,Adams Rite,Latch Assy
S422W003-220A,Adams Rite,Latch Assy
S422W003-220G,Adams Rite,Latch Assy
S422W0'03-301D,Adams Rite,Latch Assy
S422W003-302D,Adams Rite,Latch Assy
S422W003-303D,Adams Rite,Latch Assy
S422W003-304D,Adams Rite,Latch Assy
S422W003-305D,Adams Rite,Latch Assy
S422W003-306D,Adams Rite,Latch Assy
S422W003-313D,Adams Rite,Latch Assy
S422W003-315D,Adams Rite,Latch Assy
S422W003-317D,Adams Rite,Latch Assy
S422W003-319D,Adams Rite,Latch Assy
S422W003-320D,Adams Rite,Latch Assy
S422W003-404D,Adams Rite,Latch Assy
S422W003-501B,Adams Rite,Latch Assy
S422W003-502B,Adams Rite,Latch Assy
S422W003-503B,Adams Rite,Latch Assy
S422W003-504B,Adams Rite,Latch Assy
S422W003-510B,Adams Rite,Latch Assy
S422W003-511B,Adams Rite,Latch Assy
S422W003-512B,Adams Rite,Latch Assy
S422W003-513B,Adams Rite,Latch Assy
S422W003-514B,Adams Rite,Latch Assy
S422W003-515B,Adams Rite,Latch Assy
S422W003-516B,Adams Rite,Latch Assy
WB3002-A2A-000,IPECO,Rapid Water Boiler
WB3002-A2A-015,IPECO,Rapid Water Boiler
WB3002-A2B-000,IPECO,Rapid Water Boiler
WB3002-A2B-015,IPECO,Rapid Water Boiler
WB3002-A3B-000,IPECO,Rapid Water Boiler
WB3002-A3B-015,IPECO,Rapid Water Boiler
WB3005-A2A-015,IPECO,Water Boiler
WB3005-A3A-015,IPECO,Water Boiler
WB3005-A4A-015,IPECO,Water Boiler
WB3005-A5A-015,IPECO,Water Boiler